I#ID	Name
G1	KLHL17
G2	ISG15
G3	AGRN
G4	TNFRSF4
G5	SDF4
G6	B3GALT6
G7	DVL1
G8	CCNL2
G9	ATAD3A
G10	TMEM240
G11	MIB2
G12	SLC35E2B
G13	CDK11A
G14	GNB1
G15	GABRD
G16	PRKCZ
G17	SKI
G18	RER1
G19	PEX10
G20	TNFRSF14
G21	PRDM16
G22	WRAP73
G23	TP73
G24	SMIM1
G25	CEP104
G26	NPHP4
G27	KCNAB2
G28	GPR153
G29	ESPN
G30	TNFRSF25
G31	PLEKHG5
G32	CAMTA1
G33	PER3
G34	TNFRSF9
G35	PARK7
G36	SLC45A1
G37	RERE
G38	ENO1
G39	CA6
G40	SLC2A5
G41	H6PD
G42	PIK3CD
G43	CTNNBIP1
G44	NMNAT1
G45	KIF1B
G46	DFFA
G47	PEX14
G48	TARDBP
G49	MASP2
G50	MTOR
G51	UBIAD1
G52	MAD2L2
G53	MTHFR
G54	CLCN6
G55	NPPA
G56	PLOD1
G57	MFN2
G58	MIIP
G59	TNFRSF8
G60	TNFRSF1B
G61	VPS13D
G62	PRAMEF1
G63	KAZN
G64	CTRC
G65	CASP9
G66	PLEKHM2
G67	SPEN
G68	HSPB7
G69	CLCNKA
G70	CLCNKB
G71	EPHA2
G72	NECAP2
G73	MFAP2
G74	ATP13A2
G75	SDHB
G76	PADI2
G77	PADI3
G78	PADI4
G79	PADI6
G80	RCC2
G81	ARHGEF10L
G82	IGSF21
G83	PAX7
G84	ALDH4A1
G85	UBR4
G86	EMC1
G87	CAPZB
G88	PLA2G2A
G89	PLA2G5
G90	PINK1
G91	DDOST
G92	EIF4G3
G93	ECE1
G94	ALPL
G95	RAP1GAP
G96	USP48
G97	HSPG2
G98	CDC42
G99	WNT4
G100	C1QA
G101	C1QC
G102	C1QB
G103	EPHB2
G104	KDM1A
G105	RPL11
G106	GALE
G107	HMGCL
G108	FUCA1
G109	GRHL3
G110	RHD
G111	RHCE
G112	LDLRAP1
G113	SELENON
G114	SLC30A2
G115	TRIM63
G116	CNKSR1
G117	UBXN11
G118	DHDDS
G119	ARID1A
G120	PIGV
G121	NR0B2
G122	SLC9A1
G123	MAP3K6
G124	FCN3
G125	AHDC1
G126	PTAFR
G127	GMEB1
G128	YTHDF2
G129	EPB41
G130	MECR
G131	PTPRU
G132	MATN1
G133	SDC3
G134	FABP3
G135	TINAGL1
G136	CCDC28B
G137	LCK
G138	HDAC1
G139	SYNC
G140	YARS1
G141	S100PBP
G142	HPCA
G143	AK2
G144	CSMD2
G145	GJB4
G146	GJB3
G147	COL8A2
G148	TRAPPC3
G149	CSF3R
G150	GRIK3
G151	SNIP1
G152	RSPO1
G153	NDUFS5
G154	MACF1
G155	PPIE
G156	TRIT1
G157	MFSD2A
G158	PPT1
G159	ZMPSTE24
G160	COL9A2
G161	KCNQ4
G162	CTPS1
G163	HIVEP3
G164	CLDN19
G165	P3H1
G166	ERMAP
G167	SLC2A1
G168	CFAP57
G169	TIE1
G170	MPL
G171	SZT2
G172	PTPRF
G173	ST3GAL3
G174	SLC6A9
G175	PTCH2
G176	EIF2B3
G177	HECTD3
G178	UROD
G179	MUTYH
G180	MMACHC
G181	NASP
G182	PIK3R3
G183	POMGNT1
G184	RAD54L
G185	FAAH
G186	DMBX1
G187	MKNK1
G188	MOB3C
G189	CYP4B1
G190	CYP4A11
G191	CYP4X1
G192	CYP4Z1
G193	CYP4A22
G194	STIL
G195	FOXE3
G196	BEND5
G197	NRDC
G198	ORC1
G199	SCP2
G200	PODN
G201	CPT2
G202	LRP8
G203	DIO1
G204	TTC4
G205	PARS2
G206	TTC22
G207	DHCR24
G208	BSND
G209	PCSK9
G210	C8A
G211	C8B
G212	DAB1
G213	TACSTD2
G214	MYSM1
G215	JUN
G216	FGGY
G217	CYP2J2
G218	NFIA
G219	DOCK7
G220	ANGPTL3
G221	FOXD3
G222	ALG6
G223	ITGB3BP
G224	PGM1
G225	ROR1
G226	JAK1
G227	DNAJC6
G228	LEPR
G229	PDE4B
G230	MIER1
G231	SLC35D1
G232	IL23R
G233	IL12RB2
G234	DIRAS3
G235	RPE65
G236	CTH
G237	PTGER3
G238	TNNI3K
G239	CRYZ
G240	ACADM
G241	MSH4
G242	NEXN
G243	FUBP1
G244	PTGFR
G245	PRKACB
G246	BCL10
G247	COL24A1
G248	SH3GLB1
G249	GBP2
G250	GBP5
G251	ZNF644
G252	HFM1
G253	TGFBR3
G254	GLMN
G255	GFI1
G256	RPL5
G257	DIPK1A
G258	GCLM
G259	ABCA4
G260	ARHGAP29
G261	ABCD3
G262	F3
G263	ALG14
G264	DPYD
G265	AGL
G266	SLC35A3
G267	SASS6
G268	DBT
G269	CDC14A
G270	GPR88
G271	VCAM1
G272	S1PR1
G273	COL11A1
G274	NTNG1
G275	SLC25A24
G276	AKNAD1
G277	GPSM2
G278	ELAPOR1
G279	CELSR2
G280	MYBPHL
G281	SORT1
G282	GPR61
G283	GNAI3
G284	GNAT2
G285	AMPD2
G286	GSTM1
G287	CSF1
G288	AHCYL1
G289	ALX3
G290	SLC6A17
G291	KCNA2
G292	DRAM2
G293	OVGP1
G294	ADORA3
G295	KCND3
G296	WNT2B
G297	SLC16A1
G298	LRIG2
G299	PTPN22
G300	AP4B1
G301	DCLRE1B
G302	OLFML3
G303	SYT6
G304	TRIM33
G305	AMPD1
G306	NRAS
G307	TSHB
G308	NGF
G309	VANGL1
G310	CASQ2
G311	ATP1A1
G312	IGSF3
G313	CD2
G314	TRIM45
G315	SPAG17
G316	TBX15
G317	WARS2
G318	HAO2
G319	HSD3B2
G320	HSD3B1
G321	PHGDH
G322	HMGCS2
G323	NOTCH2
G324	NBPF20
G325	PDZK1
G326	PEX11B
G327	RBM8A
G328	HJV
G329	PDE4DIP
G330	GJA8
G331	GJA5
G332	ACP6
G333	CHD1L
G334	FCGR1A
G335	H2BC18
G336	SV2A
G337	SF3B4
G338	VPS45
G339	APH1A
G340	PRPF3
G341	TARS2
G342	ECM1
G343	ADAMTSL4
G344	MCL1
G345	ENSA
G346	CTSK
G347	ARNT
G348	PRUNE1
G349	BNIPL
G350	SEMA6C
G351	PSMD4
G352	ZNF687
G353	RFX5
G354	POGZ
G355	RORC
G356	TCHH
G357	FLG
G358	KPRP
G359	IVL
G360	SPRR2E
G361	LORICRIN
G362	S100A4
G363	S100A3
G364	CHTOP
G365	INTS3
G366	SLC27A3
G367	GATAD2B
G368	RPS27
G369	TPM3
G370	HAX1
G371	IL6R
G372	CHRNB2
G373	ADAR
G374	KCNN3
G375	PMVK
G376	SHC1
G377	FLAD1
G378	DCST1
G379	ADAM15
G380	EFNA4
G381	DPM3
G382	THBS3
G383	PKLR
G384	FDPS
G385	RIT1
G386	LAMTOR2
G387	LMNA
G388	SEMA4A
G389	BGLAP
G390	NAXE
G391	BCAN
G392	NES
G393	PRCC
G394	SH2D2A
G395	NTRK1
G396	FCRL5
G397	FCRL3
G398	OR10K2
G399	SPTA1
G400	OR6K2
G401	OR6K3
G402	PYHIN1
G403	IFI16
G404	CADM3
G405	ACKR1
G406	CRP
G407	KCNJ10
G408	PIGM
G409	IGSF8
G410	ATP1A2
G411	CASQ1
G412	DCAF8
G413	PEX19
G414	COPA
G415	NCSTN
G416	VANGL2
G417	CD244
G418	USF1
G419	NECTIN4
G420	PPOX
G421	B4GALT3
G422	NDUFS2
G423	FCER1G
G424	APOA2
G425	NR1I3
G426	MPZ
G427	SDHC
G428	FCGR2A
G429	FCGR3A
G430	FCGR2C
G431	FCGR3B
G432	FCGR2B
G433	ATF6
G434	OLFML2B
G435	NOS1AP
G436	UHMK1
G437	DDR2
G438	RGS4
G439	RGS5
G440	PBX1
G441	RXRG
G442	ALDH9A1
G443	TMCO1
G444	CD247
G445	ADCY10
G446	DCAF6
G447	GPR161
G448	TBX19
G449	ATP1B1
G450	NME7
G451	SLC19A2
G452	F5
G453	SELP
G454	SELL
G455	SELE
G456	KIFAP3
G457	GORAB
G458	PRRX1
G459	FMO3
G460	MYOC
G461	PIGC
G462	FASLG
G463	TNFSF4
G464	KLHL20
G465	DARS2
G466	SERPINC1
G467	CACYBP
G468	TNR
G469	PAPPA2
G470	RASAL2
G471	ABL2
G472	SOAT1
G473	AXDND1
G474	NPHS2
G475	TDRD5
G476	TOR1AIP2
G477	TOR1AIP1
G478	LHX4
G479	XPR1
G480	MR1
G481	CACNA1E
G482	GLUL
G483	RNASEL
G484	NPL
G485	DHX9
G486	SHCBP1L
G487	LAMC1
G488	LAMC2
G489	SMG7
G490	NCF2
G491	TSEN15
G492	NIBAN1
G493	HMCN1
G494	PRG4
G495	TPR
G496	PDC
G497	PTGS2
G498	PLA2G4A
G499	RGS2
G500	GLRX2
G501	CDC73
G502	B3GALT2
G503	CFH
G504	CFHR4
G505	CFHR2
G506	CFHR5
G507	F13B
G508	ASPM
G509	CRB1
G510	PTPRC
G511	NR5A2
G512	KIF14
G513	DDX59
G514	KIF21B
G515	CACNA1S
G516	PKP1
G517	TNNT2
G518	TNNI1
G519	NAV1
G520	UBE2T
G521	SYT2
G522	KDM5B
G523	ADIPOR1
G524	TMEM183A
G525	ADORA1
G526	CHI3L1
G527	CHIT1
G528	BTG2
G529	OPTC
G530	ATP2B4
G531	SNRPE
G532	REN
G533	KISS1
G534	PPP1R15B
G535	MDM4
G536	NFASC
G537	CNTN2
G538	DSTYK
G539	ELK4
G540	NUCKS1
G541	CTSE
G542	SRGAP2
G543	RASSF5
G544	MAPKAPK2
G545	IL10
G546	IL24
G547	PIGR
G548	C4BPB
G549	C4BPA
G550	CD55
G551	CR2
G552	CR1
G553	CD46
G554	LAMB3
G555	HSD11B1
G556	TRAF3IP3
G557	IRF6
G558	SYT14
G559	KCNH1
G560	RD3
G561	NEK2
G562	ATF3
G563	FLVCR1
G564	PTPN14
G565	CENPF
G566	KCTD3
G567	USH2A
G568	ESRRG
G569	GPATCH2
G570	TGFB2
G571	SLC30A10
G572	IARS2
G573	RAB3GAP2
G574	DISP1
G575	TLR5
G576	TP53BP2
G577	NVL
G578	WDR26
G579	DNAH14
G580	LBR
G581	ENAH
G582	EPHX1
G583	PYCR2
G584	LEFTY2
G585	H3-3A
G586	ACBD3
G587	PSEN2
G588	COQ8A
G589	GJC2
G590	IBA57
G591	OBSCN
G592	ACTA1
G593	NUP133
G594	URB2
G595	GALNT2
G596	AGT
G597	ARV1
G598	GNPAT
G599	EXOC8
G600	SPRTN
G601	EGLN1
G602	DISC1
G603	PCNX2
G604	COA6
G605	ARID4B
G606	TBCE
G607	B3GALNT2
G608	LYST
G609	NID1
G610	EDARADD
G611	ACTN2
G612	MTR
G613	RYR2
G614	ZP4
G615	CHRM3
G616	FMN2
G617	GREM2
G618	FH
G619	EXO1
G620	CEP170
G621	SDCCAG8
G622	AKT3
G623	ZBTB18
G624	CATSPERE
G625	COX20
G626	HNRNPU
G627	EFCAB2
G628	KIF26B
G629	ZNF124
G630	NLRP3
G631	OR14A16
G632	OR2W3
G633	OR2T1
G634	TUBB8
G635	ZMYND11
G636	PFKP
G637	PITRM1
G638	KLF6
G639	AKR1C2
G640	AKR1C3
G641	AKR1C4
G642	NET1
G643	TASOR2
G644	FBH1
G645	IL2RA
G646	ITIH5
G647	GATA3
G648	UPF2
G649	DHTKD1
G650	OPTN
G651	PHYH
G652	FRMD4A
G653	DCLRE1C
G654	ITGA8
G655	CUBN
G656	VIM
G657	ST8SIA6
G658	HACD1
G659	MRC1
G660	CACNB2
G661	NEBL
G662	MLLT10
G663	PTF1A
G664	MYO3A
G665	PDSS1
G666	ABI1
G667	ANKRD26
G668	YME1L1
G669	MASTL
G670	ACBD5
G671	RAB18
G672	MKX
G673	WAC
G674	SVIL
G675	JCAD
G676	MTPAP
G677	MAP3K8
G678	ZEB1
G679	ITGB1
G680	NRP1
G681	PARD3
G682	CREM
G683	FZD8
G684	ANKRD30A
G685	DUX4
G686	BMS1
G687	RET
G688	CXCL12
G689	TMEM72
G690	ALOX5
G691	TIMM23
G692	NCOA4
G693	MSMB
G694	GDF10
G695	GDF2
G696	RBP3
G697	MAPK8
G698	ARHGAP22
G699	ERCC6
G700	CHAT
G701	SLC18A3
G702	OGDHL
G703	A1CF
G704	PRKG1
G705	MBL2
G706	PCDH15
G707	ZWINT
G708	TFAM
G709	BICC1
G710	FAM13C
G711	CCDC6
G712	ANK3
G713	CDK1
G714	ARID5B
G715	ZNF365
G716	EGR2
G717	JMJD1C
G718	CTNNA3
G719	SIRT1
G720	MYPN
G721	ATOH7
G722	DNA2
G723	SLC25A16
G724	STOX1
G725	DDX50
G726	KIFBP
G727	HKDC1
G728	HK1
G729	NEUROG3
G730	COL13A1
G731	NODAL
G732	PRF1
G733	ADAMTS14
G734	PCBD1
G735	SLC29A3
G736	CDH23
G737	PSAP
G738	CHST3
G739	ASCC1
G740	MICU1
G741	OIT3
G742	MRPS16
G743	MYOZ1
G744	NDST2
G745	CAMK2G
G746	PLAU
G747	VCL
G748	ADK
G749	KAT6B
G750	LRMDA
G751	KCNMA1
G752	DLG5
G753	POLR3A
G754	RPS24
G755	ZMIZ1
G756	SFTPA2
G757	SFTPA1
G758	SFTPD
G759	MAT1A
G760	NRG3
G761	CDHR1
G762	RGR
G763	GRID1
G764	LDB3
G765	BMPR1A
G766	MMRN2
G767	SNCG
G768	GLUD1
G769	MINPP1
G770	PAPSS2
G771	KLLN
G772	PTEN
G773	LIPN
G774	ACTA2
G775	FAS
G776	LIPA
G777	SLC16A12
G778	PANK1
G779	HTR7
G780	ANKRD1
G781	PPP1R3C
G782	IDE
G783	KIF11
G784	CYP26C1
G785	CYP26A1
G786	FFAR4
G787	RBP4
G788	PDE6C
G789	FRA10AC1
G790	LGI1
G791	SLC35G1
G792	PLCE1
G793	HELLS
G794	CYP2C18
G795	CYP2C19
G796	CYP2C9
G797	CYP2C8
G798	SORBS1
G799	ALDH18A1
G800	TCTN3
G801	ENTPD1
G802	ZNF518A
G803	BLNK
G804	LCOR
G805	ANKRD2
G806	HOGA1
G807	ZFYVE27
G808	CRTAC1
G809	HPS1
G810	HPSE2
G811	CNNM1
G812	GOT1
G813	NKX2-3
G814	ENTPD7
G815	COX15
G816	ABCC2
G817	CPN1
G818	ERLIN1
G819	CHUK
G820	CWF19L1
G821	PKD2L1
G822	PAX2
G823	MRPL43
G824	TWNK
G825	PDZD7
G826	TLX1
G827	LBX1
G828	BTRC
G829	DPCD
G830	POLL
G831	FBXW4
G832	FGF8
G833	KCNIP2
G834	HPS6
G835	PPRC1
G836	PITX3
G837	NFKB2
G838	ACTR1A
G839	SUFU
G840	TRIM8
G841	CYP17A1
G842	CNNM2
G843	NT5C2
G844	INA
G845	CALHM1
G846	COL17A1
G847	CFAP43
G848	GSTO1
G849	GSTO2
G850	SORCS1
G851	ADD3
G852	MXI1
G853	SMNDC1
G854	SMC3
G855	RBM20
G856	BBIP1
G857	SHOC2
G858	ADRA2A
G859	TCF7L2
G860	HABP2
G861	ADRB1
G862	ABLIM1
G863	GFRA1
G864	PNLIP
G865	VAX1
G866	KCNK18
G867	EMX2
G868	NANOS1
G869	SFXN4
G870	TIAL1
G871	BAG3
G872	INPP5F
G873	WDR11
G874	FGFR2
G875	TACC2
G876	BTBD16
G877	PLEKHA1
G878	ARMS2
G879	HTRA1
G880	DMBT1
G881	IKZF5
G882	ACADSB
G883	BUB3
G884	GPR26
G885	CPXM2
G886	CHST15
G887	OAT
G888	MMP21
G889	UROS
G890	BCCIP
G891	ADAM12
G892	DOCK1
G893	PTPRE
G894	MKI67
G895	MGMT
G896	EBF3
G897	GLRX3
G898	ADGRA1
G899	KNDC1
G900	ECHS1
G901	CYP2E1
G902	SYCE1
G903	NLRP6
G904	IFITM5
G905	IFITM3
G906	ANO9
G907	HRAS
G908	IRF7
G909	DRD4
G910	DEAF1
G911	EPS8L2
G912	TALDO1
G913	SLC25A22
G914	PNPLA2
G915	CD151
G916	MUC6
G917	MUC2
G918	MUC5B
G919	CTSD
G920	SYT8
G921	TNNI2
G922	LSP1
G923	TNNT3
G924	H19
G925	IGF2
G926	INS-IGF2
G927	INS
G928	TH
G929	CD81
G930	KCNQ1
G931	KCNQ1OT1
G932	CDKN1C
G933	SLC22A18
G934	PHLDA2
G935	OSBPL5
G936	ZNF195
G937	PGAP2
G938	STIM1
G939	RRM1
G940	OR52A1
G941	HBB
G942	HBD
G943	HBBP1
G944	BGLT3
G945	HBG1
G946	HBG2
G947	HBE1
G948	OR51AB1P
G949	TRIM5
G950	CCKBR
G951	SMPD1
G952	APBB1
G953	ILK
G954	TPP1
G955	DCHS1
G956	NLRP14
G957	NLRP10
G958	TUB
G959	RIC3
G960	LMO1
G961	DENND2B
G962	AKIP1
G963	DENND5A
G964	SBF2
G965	AMPD3
G966	CTR9
G967	MICAL2
G968	TEAD1
G969	PTH
G970	FAR1
G971	RRAS2
G972	CYP2R1
G973	CALCA
G974	SOX6
G975	KCNJ11
G976	ABCC8
G977	USH1C
G978	OTOG
G979	KCNC1
G980	TPH1
G981	SAA1
G982	HPS5
G983	LDHA
G984	LDHC
G985	TSG101
G986	CSRP3
G987	NAV2
G988	SLC6A5
G989	NELL1
G990	ANO5
G991	FANCF
G992	LUZP2
G993	ANO3
G994	LGR4
G995	BDNF
G996	KCNA4
G997	FSHB
G998	ARL14EP
G999	ELP4
G1000	PAX6
G1001	WT1
G1002	CD59
G1003	NAT10
G1004	CAT
G1005	ELF5
G1006	EHF
G1007	PDHX
G1008	CD44
G1009	SLC1A2
G1010	TRIM44
G1011	RAG1
G1012	RAG2
G1013	IFTAP
G1014	API5
G1015	EXT2
G1016	ALX4
G1017	CD82
G1018	CHST1
G1019	SLC35C1
G1020	MAPK8IP1
G1021	PEX16
G1022	CREB3L1
G1023	DGKZ
G1024	ATG13
G1025	ZNF408
G1026	F2
G1027	CKAP5
G1028	LRP4
G1029	DDB2
G1030	ACP2
G1031	NR1H3
G1032	MADD
G1033	MYBPC3
G1034	SLC39A13
G1035	RAPSN
G1036	NDUFS3
G1037	FNBP4
G1038	PTPRJ
G1039	FOLH1
G1040	OR4C12
G1041	OR5L1
G1042	OR8K3
G1043	SERPING1
G1044	CLP1
G1045	TMX2
G1046	CTNND1
G1047	OR9I1
G1048	OR1S2
G1049	CNTF
G1050	FAM111B
G1051	FAM111A
G1052	OR4D11
G1053	STX3
G1054	CBLIF
G1055	MS4A2
G1056	MS4A6A
G1057	MS4A1
G1058	PTGDR2
G1059	ZP1
G1060	DDB1
G1061	TMEM138
G1062	TMEM216
G1063	CPSF7
G1064	SDHAF2
G1065	MYRF
G1066	BEST1
G1067	FTH1
G1068	SCGB1A1
G1069	AHNAK
G1070	ROM1
G1071	B3GAT3
G1072	GANAB
G1073	UQCC3
G1074	LRRN4CL
G1075	BSCL2
G1076	STX5
G1077	ATL3
G1078	MARK2
G1079	COX8A
G1080	FERMT3
G1081	VEGFB
G1082	SLC22A12
G1083	NRXN2
G1084	RASGRP2
G1085	PYGM
G1086	SF1
G1087	MAP4K2
G1088	MEN1
G1089	PPP2R5B
G1090	SNX15
G1091	SYVN1
G1092	CAPN1
G1093	SCYL1
G1094	LTBP3
G1095	RELA
G1096	KAT5
G1097	RNASEH2C
G1098	MUS81
G1099	EFEMP2
G1100	FIBP
G1101	BANF1
G1102	CATSPER1
G1103	PACS1
G1104	KLC2
G1105	B4GAT1
G1106	PELI3
G1107	DPP3
G1108	BBS1
G1109	ACTN3
G1110	CTSF
G1111	CCS
G1112	RBM14
G1113	SPTBN2
G1114	PC
G1115	ANKRD13D
G1116	CLCF1
G1117	CABP4
G1118	AIP
G1119	CABP2
G1120	GSTP1
G1121	NDUFV1
G1122	ALDH3B2
G1123	UNC93B1
G1124	ALDH3B1
G1125	NDUFS8
G1126	TCIRG1
G1127	KMT5B
G1128	LRP5
G1129	GAL
G1130	CPT1A
G1131	IGHMBP2
G1132	TPCN2
G1133	CCND1
G1134	FGF3
G1135	FADD
G1136	CTTN
G1137	SHANK2
G1138	DHCR7
G1139	IL18BP
G1140	LRTOMT
G1141	FOLR3
G1142	FOLR1
G1143	INPPL1
G1144	PHOX2A
G1145	CLPB
G1146	RAB6A
G1147	DNAJB13
G1148	UCP2
G1149	UCP3
G1150	C2CD3
G1151	KCNE3
G1152	LIPT2
G1153	SLCO2B1
G1154	ARRB1
G1155	SERPINH1
G1156	MAP6
G1157	DGAT2
G1158	UVRAG
G1159	WNT11
G1160	B3GNT6
G1161	CAPN5
G1162	MYO7A
G1163	PAK1
G1164	ALG8
G1165	GAB2
G1166	NARS2
G1167	TENM4
G1168	PCF11
G1169	DLG2
G1170	TMEM126B
G1171	TMEM126A
G1172	SYTL2
G1173	PICALM
G1174	EED
G1175	HIKESHI
G1176	FZD4
G1177	CTSC
G1178	GRM5
G1179	TYR
G1180	FAT3
G1181	MTNR1B
G1182	MED17
G1183	PANX1
G1184	MRE11
G1185	KDM4E
G1186	CEP57
G1187	MTMR2
G1188	CNTN5
G1189	PGR
G1190	TRPC6
G1191	YAP1
G1192	BIRC3
G1193	MMP20
G1194	MMP8
G1195	MMP1
G1196	MMP3
G1197	MMP12
G1198	MMP13
G1199	DYNC2H1
G1200	CASP12
G1201	CASP1
G1202	ACAT1
G1203	ATM
G1204	C11orf65
G1205	EXPH5
G1206	DDX10
G1207	RDX
G1208	ARHGAP20
G1209	COLCA1
G1210	PPP2R1B
G1211	ALG9
G1212	FDXACB1
G1213	CRYAB
G1214	HSPB2
G1215	DIXDC1
G1216	DLAT
G1217	TIMM8B
G1218	SDHD
G1219	IL18
G1220	PTS
G1221	NCAM1
G1222	ANKK1
G1223	DRD2
G1224	USP28
G1225	HTR3B
G1226	HTR3A
G1227	ZBTB16
G1228	APOA5
G1229	APOA4
G1230	APOC3
G1231	APOA1
G1232	BACE1
G1233	CEP164
G1234	DSCAML1
G1235	FXYD2
G1236	FXYD6
G1237	TMPRSS13
G1238	IL10RA
G1239	TMPRSS4
G1240	SCN4B
G1241	SCN2B
G1242	CD3E
G1243	CD3D
G1244	CD3G
G1245	UBE4A
G1246	KMT2A
G1247	ARCN1
G1248	TREH
G1249	SLC37A4
G1250	VPS11
G1251	HMBS
G1252	DPAGT1
G1253	ABCG4
G1254	NLRX1
G1255	CBL
G1256	RNF26
G1257	C1QTNF5
G1258	MFRP
G1259	USP2
G1260	NECTIN1
G1261	POU2F3
G1262	ARHGEF12
G1263	GRIK4
G1264	TECTA
G1265	SC5D
G1266	SORL1
G1267	HSPA8
G1268	CLMP
G1269	SCN3B
G1270	SIAE
G1271	ROBO3
G1272	HEPACAM
G1273	CCDC15
G1274	EI24
G1275	STT3A
G1276	CHEK1
G1277	ACRV1
G1278	HYLS1
G1279	PUS3
G1280	CDON
G1281	FAM118B
G1282	FOXRED1
G1283	TIRAP
G1284	DCPS
G1285	ST3GAL4
G1286	KIRREL3
G1287	ETS1
G1288	FLI1
G1289	KCNJ1
G1290	KCNJ5
G1291	TP53AIP1
G1292	APLP2
G1293	ST14
G1294	ADAMTS8
G1295	SNX19
G1296	OPCML
G1297	JAM3
G1298	ACAD8
G1299	KDM5A
G1300	WNK1
G1301	RAD52
G1302	CACNA2D4
G1303	CACNA1C
G1304	FOXM1
G1305	TEAD4
G1306	CCND2
G1307	FGF23
G1308	C12orf4
G1309	NDUFA9
G1310	KCNA1
G1311	KCNA5
G1312	NTF3
G1313	VWF
G1314	CD9
G1315	TNFRSF1A
G1316	SCNN1A
G1317	LTBR
G1318	CD27
G1319	VAMP1
G1320	GAPDH
G1321	CHD4
G1322	ING4
G1323	PIANP
G1324	COPS7A
G1325	CD4
G1326	P3H3
G1327	GNB3
G1328	TPI1
G1329	SPSB2
G1330	ATN1
G1331	C12orf57
G1332	EMG1
G1333	C1S
G1334	C1R
G1335	PEX5
G1336	CD163
G1337	GDF3
G1338	C3AR1
G1339	NECAP1
G1340	AICDA
G1341	MFAP5
G1342	A2ML1
G1343	PHC1
G1344	A2M
G1345	PZP
G1346	CLEC12A
G1347	CLEC7A
G1348	OLR1
G1349	KLRK1
G1350	KLRC3
G1351	TAS2R20
G1352	PRB3
G1353	ETV6
G1354	BCL2L14
G1355	LRP6
G1356	DUSP16
G1357	CDKN1B
G1358	GRIN2B
G1359	GUCY2C
G1360	ART4
G1361	MGP
G1362	PDE6H
G1363	PTPRO
G1364	EPS8
G1365	LMO3
G1366	RERGL
G1367	PIK3C2G
G1368	PLCZ1
G1369	PDE3A
G1370	SLCO1B3
G1371	SLCO1B1
G1372	PYROXD1
G1373	GYS2
G1374	LDHB
G1375	KCNJ8
G1376	ABCC9
G1377	ETNK1
G1378	SOX5
G1379	BCAT1
G1380	KRAS
G1381	RASSF8
G1382	BHLHE41
G1383	SSPN
G1384	ITPR2
G1385	PTHLH
G1386	CAPRIN2
G1387	DDX11
G1388	FGD4
G1389	DNM1L
G1390	YARS2
G1391	PKP2
G1392	ALG10
G1393	KIF21A
G1394	LRRK2
G1395	CNTN1
G1396	PRICKLE1
G1397	ADAMTS20
G1398	IRAK4
G1399	ANO6
G1400	ARID2
G1401	VDR
G1402	COL2A1
G1403	PFKM
G1404	ADCY6
G1405	CACNB3
G1406	CCDC65
G1407	WNT10B
G1408	WNT1
G1409	KMT2D
G1410	DHH
G1411	TUBA1A
G1412	PRPH
G1413	PRPF40B
G1414	BCDIN3D
G1415	AQP2
G1416	AQP5
G1417	GPD1
G1418	COX14
G1419	LIMA1
G1420	DIP2B
G1421	ATF1
G1422	SLC11A2
G1423	LETMD1
G1424	TFCP2
G1425	SLC4A8
G1426	SCN8A
G1427	ACVRL1
G1428	ACVR1B
G1429	TAMALIN
G1430	KRT80
G1431	KRT7
G1432	KRT86
G1433	KRT81
G1434	KRT83
G1435	KRT85
G1436	KRT84
G1437	KRT82
G1438	KRT75
G1439	KRT6B
G1440	KRT6C
G1441	KRT6A
G1442	KRT5
G1443	KRT71
G1444	KRT74
G1445	KRT72
G1446	KRT73
G1447	KRT2
G1448	KRT1
G1449	KRT77
G1450	KRT76
G1451	KRT3
G1452	KRT4
G1453	KRT79
G1454	KRT78
G1455	KRT8
G1456	KRT18
G1457	CSAD
G1458	RARG
G1459	PFDN5
G1460	AAAS
G1461	SP7
G1462	SP1
G1463	AMHR2
G1464	HOXC13
G1465	HOXC6
G1466	HOXC8
G1467	HOXC4
G1468	HOXC5
G1469	MIR615
G1470	SMUG1
G1471	HNRNPA1
G1472	PDE1B
G1473	OR6C68
G1474	ITGA7
G1475	RDH5
G1476	CD63
G1477	MMP19
G1478	PMEL
G1479	CDK2
G1480	SUOX
G1481	RPS26
G1482	ERBB3
G1483	MYL6
G1484	SMARCC2
G1485	SLC39A5
G1486	STAT2
G1487	MIP
G1488	NACA
G1489	TAC3
G1490	MYO1A
G1491	STAT6
G1492	LRP1
G1493	SHMT2
G1494	STAC3
G1495	GLI1
G1496	ARHGAP9
G1497	MARS1
G1498	DDIT3
G1499	DCTN2
G1500	KIF5A
G1501	ARHGEF25
G1502	B4GALNT1
G1503	OS9
G1504	AGAP2
G1505	CDK4
G1506	CYP27B1
G1507	METTL1
G1508	TSFM
G1509	DPY19L2
G1510	RXYLT1
G1511	SRGAP1
G1512	TBK1
G1513	GNS
G1514	LINC02389
G1515	LEMD3
G1516	MSRB3
G1517	HMGA2
G1518	IRAK3
G1519	GRIP1
G1520	CAND1
G1521	IFNG
G1522	IL22
G1523	NUP107
G1524	MDM2
G1525	LYZ
G1526	YEATS4
G1527	PTPRB
G1528	TSPAN8
G1529	TPH2
G1530	TRHDE
G1531	BBS10
G1532	OTOGL
G1533	PTPRQ
G1534	MYF6
G1535	LIN7A
G1536	METTL25
G1537	ALX1
G1538	NTS
G1539	CEP290
G1540	TMTC3
G1541	KITLG
G1542	DUSP6
G1543	POC1B
G1544	POC1B-GALNT4
G1545	GALNT4
G1546	ATP2B1
G1547	KERA
G1548	DCN
G1549	BTG1
G1550	NUDT4
G1551	CRADD
G1552	PLXNC1
G1553	CEP83
G1554	NDUFA12
G1555	VEZT
G1556	USP44
G1557	NTN4
G1558	HAL
G1559	TMPO
G1560	SLC25A3
G1561	APAF1
G1562	ANKS1B
G1563	SLC17A8
G1564	NR1H4
G1565	MYBPC1
G1566	SYCP3
G1567	GNPTAB
G1568	IGF1
G1569	PAH
G1570	ASCL1
G1571	TXNRD1
G1572	CHST11
G1573	ALDH1L2
G1574	WASHC4
G1575	APPL2
G1576	POLR3B
G1577	RFX4
G1578	SART3
G1579	ISCU
G1580	SSH1
G1581	DAO
G1582	UNG
G1583	ACACB
G1584	UBE3B
G1585	MMAB
G1586	MVK
G1587	TRPV4
G1588	GIT2
G1589	IFT81
G1590	ATP2A2
G1591	TCTN1
G1592	PPP1CC
G1593	MYL2
G1594	CUX2
G1595	PHETA1
G1596	SH2B3
G1597	ATXN2
G1598	ALDH2
G1599	NAA25
G1600	PTPN11
G1601	RPH3A
G1602	OAS1
G1603	OAS2
G1604	RASAL1
G1605	TBX5
G1606	TBX3
G1607	MED13L
G1608	NOS1
G1609	TAOK3
G1610	HSPB8
G1611	CIT
G1612	PXN
G1613	COX6A1
G1614	CABP1
G1615	ACADS
G1616	HNF1A
G1617	P2RX7
G1618	CAMKK2
G1619	KDM2B
G1620	ORAI1
G1621	HPD
G1622	CFAP251
G1623	MLXIP
G1624	DIABLO
G1625	VPS33A
G1626	CLIP1
G1627	ZCCHC8
G1628	KNTC1
G1629	SBNO1
G1630	KMT5A
G1631	EIF2B1
G1632	TCTN2
G1633	ATP6V0A2
G1634	NCOR2
G1635	SCARB1
G1636	UBC
G1637	TMEM132D
G1638	PUS1
G1639	P2RX2
G1640	POLE
G1641	ANKLE2
G1642	GOLGA3
G1643	CHFR
G1644	PSPC1
G1645	ZMYM2
G1646	GJA3
G1647	GJB2
G1648	GJB6
G1649	FGF9
G1650	SGCG
G1651	SACS
G1652	MIPEP
G1653	CENPJ
G1654	NUP58
G1655	ATP8A2
G1656	RNF6
G1657	RPL21
G1658	POLR1D
G1659	PDX1
G1660	FLT3
G1661	FLT1
G1662	POMP
G1663	SLC46A3
G1664	ALOX5AP
G1665	HSPH1
G1666	B3GLCT
G1667	RXFP2
G1668	ZAR1L
G1669	BRCA2
G1670	PDS5B
G1671	KL
G1672	STARD13
G1673	NBEA
G1674	MAB21L1
G1675	SOHLH2
G1676	SPART
G1677	RFXAP
G1678	SMAD9
G1679	EXOSC8
G1680	TRPC4
G1681	FREM2
G1682	COG6
G1683	FOXO1
G1684	SLC25A15
G1685	KBTBD7
G1686	DGKH
G1687	TNFSF11
G1688	EPSTI1
G1689	ENOX1
G1690	LACC1
G1691	TSC22D1
G1692	NUFIP1
G1693	CPB2
G1694	RUBCNL
G1695	LRCH1
G1696	HTR2A
G1697	SUCLA2
G1698	NUDT15
G1699	ITM2B
G1700	RB1
G1701	LPAR6
G1702	CYSLTR2
G1703	MLNR
G1704	RCBTB1
G1705	ARL11
G1706	RNASEH2B
G1707	ATP7B
G1708	ALG11
G1709	THSD1
G1710	SUGT1
G1711	DIAPH3
G1712	PCDH9
G1713	ATXN8OS
G1714	DACH1
G1715	PIBF1
G1716	TBC1D4
G1717	CLN5
G1718	MYCBP2
G1719	EDNRB
G1720	SPRY2
G1721	SLITRK1
G1722	SLITRK6
G1723	MIR17HG
G1724	MIR17
G1725	MIR18A
G1726	MIR19A
G1727	MIR20A
G1728	MIR19B1
G1729	MIR92A1
G1730	GPC5
G1731	GPC6
G1732	TGDS
G1733	ABCC4
G1734	CLDN10
G1735	DNAJC3
G1736	SLC15A1
G1737	ZIC5
G1738	ZIC2
G1739	PCCA
G1740	TMTC4
G1741	NALCN
G1742	FGF14
G1743	TPP2
G1744	CCDC168
G1745	ERCC5
G1746	SLC10A2
G1747	DAOA
G1748	LIG4
G1749	TNFSF13B
G1750	MYO16
G1751	IRS2
G1752	COL4A1
G1753	COL4A2
G1754	CARS2
G1755	ING1
G1756	F7
G1757	F10
G1758	PROZ
G1759	TMCO3
G1760	TFDP1
G1761	GAS6
G1762	UPF3A
G1763	CHAMP1
G1764	OR4N2
G1765	PARP2
G1766	APEX1
G1767	PNP
G1768	ANG
G1769	RNASE4
G1770	SLC39A2
G1771	ARHGEF40
G1772	ZNF219
G1773	HNRNPC
G1774	RPGRIP1
G1775	SUPT16H
G1776	CHD8
G1777	SALL2
G1778	OXA1L
G1779	SLC7A7
G1780	MMP14
G1781	LRP10
G1782	ACIN1
G1783	CEBPE
G1784	PABPN1
G1785	MYH6
G1786	MYH7
G1787	AP1G2
G1788	DHRS4L2
G1789	NRL
G1790	PCK2
G1791	RNF31
G1792	NEDD8-MDP1
G1793	GMPR2
G1794	TINF2
G1795	TGM1
G1796	RIPK3
G1797	KHNYN
G1798	SDR39U1
G1799	GZMB
G1800	FOXG1
G1801	PRKD1
G1802	COCH
G1803	AP4S1
G1804	NUBPL
G1805	NPAS3
G1806	CFL2
G1807	FAM177A1
G1808	PSMA6
G1809	NFKBIA
G1810	RALGAPA1
G1811	NKX2-1
G1812	PAX9
G1813	MIPOL1
G1814	FOXA1
G1815	SEC23A
G1816	GEMIN2
G1817	MIA2
G1818	FBXO33
G1819	LRFN5
G1820	FANCM
G1821	RPL10L
G1822	RPS29
G1823	RPL36AL
G1824	MGAT2
G1825	DNAAF2
G1826	POLE2
G1827	NEMF
G1828	SOS2
G1829	L2HGDH
G1830	ATL1
G1831	NIN
G1832	PYGL
G1833	PTGDR
G1834	PTGER2
G1835	STYX
G1836	DDHD1
G1837	BMP4
G1838	CDKN3
G1839	GCH1
G1840	LGALS3
G1841	OTX2
G1842	CCDC198
G1843	ARID4A
G1844	KIAA0586
G1845	DACT1
G1846	DAAM1
G1847	RTN1
G1848	PPM1A
G1849	SIX6
G1850	SIX1
G1851	SIX4
G1852	TRMT5
G1853	PRKCH
G1854	HIF1A
G1855	KCNH5
G1856	SYNE2
G1857	ESR2
G1858	MTHFD1
G1859	AKAP5
G1860	SPTB
G1861	MAX
G1862	GPHN
G1863	PIGH
G1864	ARG2
G1865	RDH11
G1866	RDH12
G1867	ZFYVE26
G1868	RAD51B
G1869	ACTN1
G1870	SMOC1
G1871	SLC8A3
G1872	TTC9
G1873	PCNX1
G1874	RGS6
G1875	DCAF4
G1876	PSEN1
G1877	NUMB
G1878	DNAL1
G1879	COQ6
G1880	BBOF1
G1881	ALDH6A1
G1882	VSX2
G1883	ABCD4
G1884	NPC2
G1885	ISCA2
G1886	LTBP2
G1887	DLST
G1888	RPS6KL1
G1889	PGF
G1890	EIF2B2
G1891	MLH3
G1892	NEK9
G1893	FOS
G1894	FLVCR2
G1895	TTLL5
G1896	IFT43
G1897	TGFB3
G1898	ESRRB
G1899	POMT2
G1900	VIPAS39
G1901	SPTLC2
G1902	NRXN3
G1903	TSHR
G1904	SEL1L
G1905	GALC
G1906	SPATA7
G1907	PTPN21
G1908	ZC3H14
G1909	TTC8
G1910	TDP1
G1911	PSMC1
G1912	CALM1
G1913	GPR68
G1914	CCDC88C
G1915	FBLN5
G1916	TRIP11
G1917	ATXN3
G1918	SLC24A4
G1919	GOLGA5
G1920	ITPK1
G1921	UBR7
G1922	UNC79
G1923	PRIMA1
G1924	SERPINA10
G1925	SERPINA6
G1926	SERPINA1
G1927	SERPINA5
G1928	SERPINA3
G1929	GSC
G1930	DICER1
G1931	SNHG10
G1932	GLRX5
G1933	ATG2B
G1934	AK7
G1935	PAPOLA
G1936	VRK1
G1937	BCL11B
G1938	HHIPL1
G1939	CYP46A1
G1940	EML1
G1941	YY1
G1942	SLC25A47
G1943	WARS1
G1944	WDR25
G1945	DLK1
G1946	MEG3
G1947	RTL1
G1948	MEG8
G1949	PPP2R5C
G1950	DYNC1H1
G1951	TECPR2
G1952	TRAF3
G1953	AMN
G1954	MARK3
G1955	KLC1
G1956	COA8
G1957	XRCC3
G1958	PPP1R13B
G1959	INF2
G1960	ADSS1
G1961	SIVA1
G1962	AKT1
G1963	ZBTB42
G1964	AHNAK2
G1965	BRF1
G1966	MTA1
G1967	NIPA1
G1968	NIPA2
G1969	CYFIP1
G1970	MKRN3
G1971	MAGEL2
G1972	NDN
G1973	PWRN1
G1974	NPAP1
G1975	SNRPN
G1976	SNURF
G1977	SNHG14
G1978	PWAR1
G1979	UBE3A
G1980	ATP10A
G1981	GABRB3
G1982	GABRA5
G1983	GABRG3
G1984	OCA2
G1985	HERC2
G1986	NSMCE3
G1987	FAN1
G1988	TRPM1
G1989	CHRNA7
G1990	ARHGAP11A
G1991	SCG5
G1992	GREM1
G1993	FMN1
G1994	RYR3
G1995	EMC4
G1996	SLC12A6
G1997	NOP10
G1998	ACTC1
G1999	MEIS2
G2000	TMCO5A
G2001	SPRED1
G2002	RASGRP1
G2003	EIF2AK4
G2004	BUB1B
G2005	PAK6
G2006	PLCB2
G2007	IVD
G2008	CHST14
G2009	KNL1
G2010	RAD51
G2011	SPINT1
G2012	DLL4
G2013	CHAC1
G2014	INO80
G2015	NDUFAF1
G2016	RTF1
G2017	TYRO3
G2018	MAPKBP1
G2019	JMJD7-PLA2G4B
G2020	PLA2G4E
G2021	CAPN3
G2022	CDAN1
G2023	TTBK2
G2024	UBR1
G2025	EPB42
G2026	TGM5
G2027	TUBGCP4
G2028	PPIP5K1
G2029	STRC
G2030	CATSPER2
G2031	SPG11
G2032	B2M
G2033	TRIM69
G2034	DUOX2
G2035	DUOXA2
G2036	DUOXA1
G2037	GATM
G2038	BLOC1S6
G2039	SEMA6D
G2040	SLC24A5
G2041	SLC12A1
G2042	DUT
G2043	FBN1
G2044	CEP152
G2045	FGF7
G2046	HDC
G2047	GABPB1
G2048	USP8
G2049	TRPM7
G2050	AP4E1
G2051	CYP19A1
G2052	GLDN
G2053	DMXL2
G2054	SCG3
G2055	GNB5
G2056	MYO5A
G2057	WDR72
G2058	RAB27A
G2059	DNAAF4
G2060	NEDD4
G2061	TCF12
G2062	CGNL1
G2063	POLR2M
G2064	ALDH1A2
G2065	AQP9
G2066	LIPC
G2067	ADAM10
G2068	MYO1E
G2069	BNIP2
G2070	ICE2
G2071	RORA
G2072	VPS13C
G2073	TLN2
G2074	TPM1
G2075	LACTB
G2076	CA12
G2077	FBXL22
G2078	HERC1
G2079	SNX1
G2080	SNX22
G2081	PPIB
G2082	CSNK1G1
G2083	TRIP4
G2084	SPG21
G2085	MTFMT
G2086	KBTBD13
G2087	CILP
G2088	SLC24A1
G2089	DIS3L
G2090	MAP2K1
G2091	SNAPC5
G2092	SMAD6
G2093	SMAD3
G2094	AAGAB
G2095	MAP2K5
G2096	CLN6
G2097	ITGA11
G2098	NOX5
G2099	KIF23
G2100	UACA
G2101	NR2E3
G2102	PKM
G2103	HEXA
G2104	BBS4
G2105	NEO1
G2106	HCN4
G2107	CD276
G2108	LOXL1
G2109	PML
G2110	STRA6
G2111	CCDC33
G2112	CYP11A1
G2113	SEMA7A
G2114	EDC3
G2115	CYP1A1
G2116	CYP1A2
G2117	LMAN1L
G2118	MPI
G2119	SIN3A
G2120	ETFA
G2121	PSTPIP1
G2122	PEAK1
G2123	CIB2
G2124	CHRNA5
G2125	CHRNA3
G2126	ADAMTS7
G2127	CTSH
G2128	MIR184
G2129	MTHFS
G2130	BCL2A1
G2131	FAH
G2132	TLNRD1
G2133	IL16
G2134	TMC3
G2135	RPS17
G2136	AP3B2
G2137	HOMER2
G2138	ZSCAN2
G2139	WDR73
G2140	ZNF592
G2141	ALPK3
G2142	PDE8A
G2143	AGBL1
G2144	NTRK3
G2145	MRPL46
G2146	ACAN
G2147	RLBP1
G2148	FANCI
G2149	POLG
G2150	KIF7
G2151	PLIN1
G2152	WDR93
G2153	MESP2
G2154	IDH2
G2155	IQGAP1
G2156	CRTC3
G2157	BLM
G2158	FES
G2159	UNC45A
G2160	PRC1
G2161	VPS33B
G2162	SV2B
G2163	CHD2
G2164	NR2F2
G2165	IRAIN
G2166	IGF1R
G2167	SYNM
G2168	MEF2A
G2169	ADAMTS17
G2170	CERS3
G2171	LINS1
G2172	ALDH1A3
G2173	LRRK1
G2174	CHSY1
G2175	SELENOS
G2176	PCSK6
G2177	SNRNP25
G2178	NPRL3
G2179	HBZ
G2180	HBM
G2181	HBZP1
G2182	HBA2
G2183	HBA1
G2184	HBQ1
G2185	AXIN1
G2186	MRPL28
G2187	PIGQ
G2188	RHOT2
G2189	STUB1
G2190	CCDC78
G2191	RPUSD1
G2192	LMF1
G2193	SOX8
G2194	SSTR5
G2195	CACNA1H
G2196	TPSB2
G2197	BAIAP3
G2198	GNPTG
G2199	UNKL
G2200	CLCN7
G2201	TELO2
G2202	IFT140
G2203	IGFALS
G2204	HAGH
G2205	GFER
G2206	ZNF598
G2207	NTHL1
G2208	TSC2
G2209	PKD1
G2210	ECI1
G2211	ABCA3
G2212	TBC1D24
G2213	PRSS22
G2214	THOC6
G2215	IL32
G2216	MEFV
G2217	ZNF174
G2218	ZNF597
G2219	NAA60
G2220	CLUAP1
G2221	NLRC3
G2222	SLX4
G2223	DNASE1
G2224	TRAP1
G2225	CREBBP
G2226	ADCY9
G2227	GLIS2
G2228	PAM16
G2229	CORO7
G2230	DNAJA3
G2231	SEPTIN12
G2232	ROGDI
G2233	UBN1
G2234	NAGPA
G2235	ALG1
G2236	C16orf89
G2237	RBFOX1
G2238	TMEM114
G2239	ABAT
G2240	TMEM186
G2241	PMM2
G2242	USP7
G2243	GRIN2A
G2244	EMP2
G2245	CIITA
G2246	CLEC16A
G2247	LITAF
G2248	ERCC4
G2249	PARN
G2250	NPIPA5
G2251	MARF1
G2252	NDE1
G2253	MYH11
G2254	ABCC1
G2255	ABCC6
G2256	XYLT1
G2257	ARL6IP1
G2258	COQ7
G2259	UMOD
G2260	ACSM2A
G2261	DNAH3
G2262	CRYM
G2263	VWA3A
G2264	UQCRC2
G2265	OTOA
G2266	SCNN1G
G2267	SCNN1B
G2268	COG7
G2269	EARS2
G2270	PALB2
G2271	PRKCB
G2272	IL4R
G2273	IL21R
G2274	SULT1A1
G2275	SULT1A2
G2276	CLN3
G2277	TUFM
G2278	SH2B1
G2279	ATP2A1
G2280	CD19
G2281	KIF22
G2282	PRRT2
G2283	SEZ6L2
G2284	TAOK2
G2285	ALDOA
G2286	TBX6
G2287	MAPK3
G2288	CORO1A
G2289	ZNF48
G2290	SRCAP
G2291	PHKG2
G2292	CTF1
G2293	SETD1A
G2294	HSD3B7
G2295	STX1B
G2296	VKORC1
G2297	BCKDK
G2298	FUS
G2299	PYCARD
G2300	ITGAM
G2301	ITGAX
G2302	ITGAD
G2303	ARMC5
G2304	SLC5A2
G2305	RUSF1
G2306	AHSP
G2307	VPS35
G2308	ORC6
G2309	GPT2
G2310	NETO2
G2311	PHKB
G2312	ABCC11
G2313	LONP2
G2314	SIAH1
G2315	ZNF423
G2316	BRD7
G2317	NOD2
G2318	CYLD
G2319	SALL1
G2320	TOX3
G2321	RPGRIP1L
G2322	FTO
G2323	IRX5
G2324	MMP2
G2325	SLC6A2
G2326	CES1
G2327	GNAO1
G2328	AMFR
G2329	BBS2
G2330	MT1M
G2331	NUP93
G2332	SLC12A3
G2333	CETP
G2334	NLRC5
G2335	RSPRY1
G2336	ARL2BP
G2337	COQ9
G2338	ADGRG1
G2339	KATNB1
G2340	CNGB1
G2341	USB1
G2342	NDRG4
G2343	CDH11
G2344	BEAN1
G2345	TK2
G2346	PDP2
G2347	CBFB
G2348	HSF4
G2349	NOL3
G2350	FHOD1
G2351	PLEKHG4
G2352	KCTD19
G2353	HSD11B2
G2354	ATP6V0D1
G2355	AGRP
G2356	CTCF
G2357	CARMIL2
G2358	ACD
G2359	TSNAXIP1
G2360	CTRL
G2361	LCAT
G2362	SLC12A4
G2363	NFATC3
G2364	PRMT7
G2365	CDH3
G2366	CDH1
G2367	HAS3
G2368	UTP4
G2369	COG8
G2370	PDF
G2371	NFAT5
G2372	NQO1
G2373	PDPR
G2374	AARS1
G2375	ST3GAL2
G2376	COG4
G2377	SF3B3
G2378	MTSS2
G2379	VAC14
G2380	HYDIN
G2381	CHST4
G2382	TAT
G2383	PKD1L3
G2384	DHODH
G2385	HP
G2386	HPR
G2387	DHX38
G2388	ZFHX3
G2389	FA2H
G2390	CTRB1
G2391	CHST6
G2392	CHST5
G2393	TMEM231
G2394	ADAT1
G2395	KARS1
G2396	TERF2IP
G2397	ADAMTS18
G2398	NUDT7
G2399	WWOX
G2400	MAF
G2401	GCSH
G2402	PKD1L2
G2403	BCO1
G2404	GAN
G2405	CMIP
G2406	PLCG2
G2407	CDH13
G2408	MLYCD
G2409	OSGIN1
G2410	SLC38A8
G2411	MBTPS1
G2412	DNAAF1
G2413	GSE1
G2414	COX4I1
G2415	IRF8
G2416	FOXF1
G2417	FOXC2
G2418	FOXL1
G2419	FBXO31
G2420	MAP1LC3B
G2421	JPH3
G2422	CA5A
G2423	BANP
G2424	ZNF469
G2425	CYBA
G2426	MVD
G2427	PIEZO1
G2428	CDT1
G2429	APRT
G2430	GALNS
G2431	CBFA2T3
G2432	ACSF3
G2433	CDH15
G2434	ZNF778
G2435	ANKRD11
G2436	SPG7
G2437	CHMP1A
G2438	FANCA
G2439	MC1R
G2440	TUBB3
G2441	GAS8
G2442	GAS8-AS1
G2443	DOC2B
G2444	RPH3AL
G2445	VPS53
G2446	GEMIN4
G2447	ABR
G2448	BHLHA9
G2449	YWHAE
G2450	CRK
G2451	MYO1C
G2452	INPP5K
G2453	PITPNA
G2454	RILP
G2455	PRPF8
G2456	WDR81
G2457	SERPINF2
G2458	SERPINF1
G2459	DPH1
G2460	HIC1
G2461	SMG6
G2462	SGSM2
G2463	PAFAH1B1
G2464	RAP1GAP2
G2465	ASPA
G2466	TRPV3
G2467	TRPV1
G2468	SHPK
G2469	CTNS
G2470	TAX1BP3
G2471	P2RX1
G2472	ATP2A3
G2473	MYBBP1A
G2474	ZMYND15
G2475	PLD2
G2476	MINK1
G2477	CHRNE
G2478	GP1BA
G2479	PFN1
G2480	ENO3
G2481	KIF1C
G2482	SLC52A1
G2483	NLRP1
G2484	AIPL1
G2485	PITPNM3
G2486	KIAA0753
G2487	SLC13A5
G2488	CLEC10A
G2489	ASGR2
G2490	DLG4
G2491	ACADVL
G2492	DVL2
G2493	SLC2A4
G2494	TMEM256
G2495	CHRNB1
G2496	POLR2A
G2497	TNFSF12
G2498	TNFSF13
G2499	MPDU1
G2500	FXR2
G2501	SHBG
G2502	TP53
G2503	WRAP53
G2504	KDM6B
G2505	CNTROB
G2506	GUCY2D
G2507	ALOX15B
G2508	ALOX12B
G2509	ALOXE3
G2510	HES7
G2511	TMEM107
G2512	SNORD118
G2513	CTC1
G2514	RANGRF
G2515	ARHGEF15
G2516	RPL26
G2517	NDEL1
G2518	MYH10
G2519	PIK3R6
G2520	PIK3R5
G2521	STX8
G2522	GAS7
G2523	MYH8
G2524	MYH4
G2525	MYH2
G2526	MYH3
G2527	SCO1
G2528	DNAH9
G2529	MAP2K4
G2530	MYOCD
G2531	ELAC2
G2532	COX10
G2533	PMP22
G2534	TTC19
G2535	NCOR1
G2536	PIGL
G2537	UBB
G2538	ZNF287
G2539	TNFRSF13B
G2540	FLCN
G2541	RASD1
G2542	RAI1
G2543	SREBF1
G2544	TOM1L2
G2545	ATPAF2
G2546	MYO15A
G2547	FLII
G2548	SHMT1
G2549	B9D1
G2550	MFAP4
G2551	ALDH3A2
G2552	SLC47A2
G2553	ALDH3A1
G2554	ULK2
G2555	AKAP10
G2556	SPECC1
G2557	MAP2K3
G2558	KCNJ12
G2559	KCNJ18
G2560	NOS2
G2561	TMEM199
G2562	SLC46A1
G2563	SLC13A2
G2564	FOXN1
G2565	UNC119
G2566	NEK8
G2567	SEZ6
G2568	MYO18A
G2569	CRYBA1
G2570	CORO6
G2571	SLC6A4
G2572	BLMH
G2573	CRLF3
G2574	ADAP2
G2575	RNF135
G2576	NF1
G2577	RAB11FIP4
G2578	SUZ12
G2579	TMEM98
G2580	ASIC2
G2581	CCL2
G2582	CCL11
G2583	TMEM132E
G2584	LIG3
G2585	RAD51D
G2586	FNDC8
G2587	UNC45B
G2588	SLFN14
G2589	PEX12
G2590	TAF15
G2591	GAS2L2
G2592	CCL5
G2593	CCL23
G2594	CCL3
G2595	CCL4
G2596	CCL3L3
G2597	CCL3L1
G2598	PIGW
G2599	ACACA
G2600	HNF1B
G2601	GPR179
G2602	CACNB1
G2603	RPL19
G2604	STAC2
G2605	MED1
G2606	CDK12
G2607	PPP1R1B
G2608	TCAP
G2609	PNMT
G2610	PGAP3
G2611	ERBB2
G2612	GRB7
G2613	IKZF3
G2614	GSDMB
G2615	THRA
G2616	NR1D1
G2617	RAPGEFL1
G2618	CDC6
G2619	RARA
G2620	TOP2A
G2621	SMARCE1
G2622	KRT24
G2623	KRT25
G2624	KRT26
G2625	KRT27
G2626	KRT28
G2627	KRT10
G2628	KRT12
G2629	KRT20
G2630	KRT23
G2631	KRT39
G2632	KRT40
G2633	KRTAP1-1
G2634	KRT33A
G2635	KRT33B
G2636	KRT34
G2637	KRT31
G2638	KRT37
G2639	KRT38
G2640	KRT32
G2641	KRT35
G2642	KRT36
G2643	KRT13
G2644	KRT15
G2645	KRT19
G2646	KRT9
G2647	KRT14
G2648	KRT16
G2649	KRT17
G2650	JUP
G2651	FKBP10
G2652	KLHL10
G2653	ACLY
G2654	HCRT
G2655	STAT5B
G2656	STAT3
G2657	CAVIN1
G2658	ATP6V0A1
G2659	NAGLU
G2660	COASY
G2661	MLX
G2662	PSMC3IP
G2663	TUBG1
G2664	CNTNAP1
G2665	WNK4
G2666	COA3
G2667	RUNDC1
G2668	RPL27
G2669	BRCA1
G2670	MEOX1
G2671	SOST
G2672	PYY
G2673	NAGS
G2674	G6PC3
G2675	UBTF
G2676	SLC4A1
G2677	GRN
G2678	ITGA2B
G2679	GPATCH8
G2680	EFTUD2
G2681	CCDC103
G2682	GFAP
G2683	MAP3K14
G2684	PLEKHM1
G2685	CRHR1
G2686	MAPT
G2687	KANSL1
G2688	WNT3
G2689	WNT9B
G2690	GOSR2
G2691	MYL4
G2692	ITGB3
G2693	TBX21
G2694	PNPO
G2695	HOXB1
G2696	HOXB6
G2697	HOXB13
G2698	IGF2BP1
G2699	GNGT2
G2700	SPOP
G2701	KAT7
G2702	TAC4
G2703	DLX4
G2704	DLX3
G2705	ITGA3
G2706	PPP1R9B
G2707	SGCA
G2708	COL1A1
G2709	TMEM92
G2710	XYLT2
G2711	EME1
G2712	CACNA1G
G2713	SPAG9
G2714	NME1
G2715	HLF
G2716	NOG
G2717	C17orf67
G2718	DGKE
G2719	AKAP1
G2720	EPX
G2721	MKS1
G2722	MPO
G2723	RNF43
G2724	SEPTIN4
G2725	TEX14
G2726	RAD51C
G2727	TRIM37
G2728	CLTC
G2729	PTRH2
G2730	VMP1
G2731	RPS6KB1
G2732	CA4
G2733	PPM1D
G2734	TBX4
G2735	BRIP1
G2736	MED13
G2737	MRC2
G2738	ACE
G2739	DCAF7
G2740	TACO1
G2741	STRADA
G2742	SMARCD2
G2743	CSH1
G2744	GH1
G2745	CD79B
G2746	SCN4A
G2747	PECAM1
G2748	POLG2
G2749	LRRC37A3
G2750	RGS9
G2751	AXIN2
G2752	APOH
G2753	PRKCA
G2754	BPTF
G2755	AMZ2
G2756	ARSG
G2757	PRKAR1A
G2758	FAM20A
G2759	ABCA5
G2760	MAP2K6
G2761	KCNJ2
G2762	SOX9
G2763	SSTR2
G2764	COG1
G2765	C17orf80
G2766	DNAI2
G2767	USH1G
G2768	OTOP2
G2769	SLC25A19
G2770	GRB2
G2771	TMEM94
G2772	CASKIN2
G2773	TSEN54
G2774	RECQL5
G2775	ITGB4
G2776	GALK1
G2777	UNC13D
G2778	ACOX1
G2779	EVPL
G2780	EXOC7
G2781	FOXJ1
G2782	AANAT
G2783	RHBDF2
G2784	PRCD
G2785	METTL23
G2786	SRSF2
G2787	SEC14L1
G2788	SEPTIN9
G2789	TMC6
G2790	TMC8
G2791	TK1
G2792	BIRC5
G2793	SOCS3
G2794	CANT1
G2795	RBFOX3
G2796	ENPP7
G2797	CBX2
G2798	CCDC40
G2799	GAA
G2800	EIF4A3
G2801	CARD14
G2802	SGSH
G2803	RNF213
G2804	RPTOR
G2805	BAIAP2
G2806	AATK
G2807	ACTG1
G2808	FSCN2
G2809	PDE6G
G2810	ARL16
G2811	GCGR
G2812	P4HB
G2813	ARHGDIA
G2814	PYCR1
G2815	ASPSCR1
G2816	DCXR
G2817	CSNK1D
G2818	WDR45B
G2819	TBCD
G2820	ZNF750
G2821	COLEC12
G2822	TYMS
G2823	SMCHD1
G2824	LPIN2
G2825	MYOM1
G2826	TGIF1
G2827	LAMA1
G2828	NDUFV2
G2829	ANKRD12
G2830	APCDD1
G2831	PIEZO2
G2832	GNAL
G2833	IMPA2
G2834	AFG3L2
G2835	PTPN2
G2836	MC2R
G2837	ROCK1
G2838	MIB1
G2839	GATA6
G2840	RBBP8
G2841	RMC1
G2842	NPC1
G2843	LAMA3
G2844	OSBPL1A
G2845	TAF4B
G2846	KCTD1
G2847	AQP4
G2848	CHST9
G2849	CDH2
G2850	DSC3
G2851	DSC2
G2852	DSC1
G2853	DSG1
G2854	DSG4
G2855	DSG2
G2856	TTR
G2857	RNF125
G2858	RNF138
G2859	GAREM1
G2860	ASXL3
G2861	DTNA
G2862	MAPRE2
G2863	ZNF397
G2864	ELP2
G2865	MOCOS
G2866	FHOD3
G2867	SETBP1
G2868	SLC14A1
G2869	EPG5
G2870	ATP5F1A
G2871	LOXHD1
G2872	PIAS2
G2873	ELOA2
G2874	IER3IP1
G2875	SMAD2
G2876	SMAD7
G2877	DYM
G2878	MYO5B
G2879	CFAP53
G2880	MBD1
G2881	ME2
G2882	SMAD4
G2883	MEX3C
G2884	DCC
G2885	MBD2
G2886	TCF4
G2887	FECH
G2888	ATP8B1
G2889	NEDD4L
G2890	MALT1
G2891	RAX
G2892	LMAN1
G2893	CCBE1
G2894	MC4R
G2895	PIGN
G2896	RELCH
G2897	TNFRSF11A
G2898	PHLPP1
G2899	BCL2
G2900	KDSR
G2901	SERPINB13
G2902	SERPINB4
G2903	SERPINB7
G2904	HMSD
G2905	SERPINB8
G2906	TMX3
G2907	RTTN
G2908	CYB5A
G2909	CNDP1
G2910	ZNF407
G2911	TSHZ1
G2912	ZNF516
G2913	GALR1
G2914	SALL3
G2915	NFATC1
G2916	CTDP1
G2917	TXNL4A
G2918	BSG
G2919	HCN2
G2920	POLRMT
G2921	RNF126
G2922	PRSS57
G2923	ELANE
G2924	CFD
G2925	KISS1R
G2926	ABCA7
G2927	GPX4
G2928	STK11
G2929	NDUFS7
G2930	GAMT
G2931	DAZAP1
G2932	RPS15
G2933	APC2
G2934	REEP6
G2935	MBD3
G2936	TCF3
G2937	ADAT3
G2938	MKNK2
G2939	AP3D1
G2940	DOT1L
G2941	AMH
G2942	JSRP1
G2943	SPPL2B
G2944	LMNB2
G2945	TLE6
G2946	TLE5
G2947	GNA11
G2948	CELF5
G2949	NFIC
G2950	GIPC3
G2951	TBXA2R
G2952	PIP5K1C
G2953	RAX2
G2954	ATCAY
G2955	EEF2
G2956	MAP2K2
G2957	SIRT6
G2958	SH3GL1
G2959	TICAM1
G2960	PLIN3
G2961	UHRF1
G2962	PTPRS
G2963	SAFB2
G2964	RPL36
G2965	LONP1
G2966	NRTN
G2967	FUT6
G2968	FUT3
G2969	NDUFA11
G2970	CLPP
G2971	CRB3
G2972	DENND1C
G2973	TUBB4A
G2974	C3
G2975	INSR
G2976	ARHGEF18
G2977	MCOLN1
G2978	PNPLA6
G2979	PET100
G2980	STXBP2
G2981	RETN
G2982	TRAPPC5
G2983	FCER2
G2984	CLEC4G
G2985	CD209
G2986	CLEC4M
G2987	PRR36
G2988	LRRC8E
G2989	MAP2K7
G2990	TIMM44
G2991	CD320
G2992	NDUFA7
G2993	RPS28
G2994	ANGPTL4
G2995	HNRNPM
G2996	MYO1F
G2997	ADAMTS10
G2998	OR2Z1
G2999	MUC16
G3000	OR7G1
G3001	OR7D4
G3002	ZNF560
G3003	PIN1
G3004	COL5A3
G3005	RDH8
G3006	PPAN
G3007	P2RY11
G3008	EIF3G
G3009	DNMT1
G3010	S1PR2
G3011	ICAM1
G3012	ICAM4
G3013	FDX2
G3014	TYK2
G3015	PDE4A
G3016	ILF3
G3017	DNM2
G3018	SMARCA4
G3019	LDLR
G3020	KANK2
G3021	DOCK6
G3022	EPOR
G3023	PRKCSH
G3024	ACP5
G3025	ZNF136
G3026	MAN2B1
G3027	WDR83
G3028	GET3
G3029	PRDX2
G3030	RNASEH2A
G3031	MAST1
G3032	KLF1
G3033	GCDH
G3034	SYCE2
G3035	CALR
G3036	NFIX
G3037	LYL1
G3038	TRMT1
G3039	CACNA1A
G3040	MRI1
G3041	CC2D1A
G3042	RFX1
G3043	PRKACA
G3044	ADGRE5
G3045	DDX39A
G3046	TECR
G3047	ADGRE2
G3048	NOTCH3
G3049	AKAP8
G3050	RASAL3
G3051	CYP4F22
G3052	CYP4F8
G3053	CYP4F3
G3054	CYP4F12
G3055	CYP4F2
G3056	CYP4F11
G3057	TPM4
G3058	CALR3
G3059	NWD1
G3060	F2RL3
G3061	CPAMD8
G3062	MYO9B
G3063	GTPBP3
G3064	UNC13A
G3065	B3GNT3
G3066	INSL3
G3067	JAK3
G3068	SLC5A5
G3069	KCNN1
G3070	IL12RB1
G3071	PIK3R2
G3072	PDE4C
G3073	PGPEP1
G3074	ISYNA1
G3075	UBA52
G3076	CRLF1
G3077	COMP
G3078	CERS1
G3079	GDF1
G3080	HOMER3
G3081	SLC25A42
G3082	RFXANK
G3083	TSSK6
G3084	NDUFA13
G3085	ZNF431
G3086	ZNF100
G3087	C19orf12
G3088	URI1
G3089	TSHZ3
G3090	RGS9BP
G3091	SLC7A9
G3092	CEBPA
G3093	PEPD
G3094	CHST8
G3095	GPI
G3096	ZNF302
G3097	SCN1B
G3098	FXYD5
G3099	USF2
G3100	HAMP
G3101	MAG
G3102	KRTDAP
G3103	GAPDHS
G3104	COX6B1
G3105	KMT2B
G3106	PSENEN
G3107	HSPB6
G3108	NPHS1
G3109	KIRREL2
G3110	TYROBP
G3111	SDHAF1
G3112	SYNE4
G3113	WDR62
G3114	ZNF420
G3115	ZFP30
G3116	SIPA1L3
G3117	SPINT2
G3118	FAM98C
G3119	RYR1
G3120	ACTN4
G3121	NFKBIB
G3122	SARS2
G3123	MRPS12
G3124	FBXO17
G3125	PAK4
G3126	IFNL3
G3127	IFNL4
G3128	PLEKHG2
G3129	TIMM50
G3130	DLL3
G3131	CLC
G3132	DYRK1B
G3133	AKT2
G3134	PLD3
G3135	HIPK4
G3136	PRX
G3137	SPTBN4
G3138	LTBP4
G3139	COQ8B
G3140	ITPKC
G3141	CYP2A6
G3142	CYP2A7
G3143	CYP2B6
G3144	CYP2A13
G3145	CYP2F1
G3146	CYP2S1
G3147	TGFB1
G3148	B9D2
G3149	BCKDHA
G3150	RPS19
G3151	CD79A
G3152	ATP1A3
G3153	POU2F2
G3154	ZNF526
G3155	ERF
G3156	CIC
G3157	MEGF8
G3158	LIPE
G3159	CEACAM1
G3160	ETHE1
G3161	XRCC1
G3162	IRGQ
G3163	PLAUR
G3164	SMG9
G3165	KCNN4
G3166	ZNF223
G3167	ZNF224
G3168	ZNF112
G3169	IGSF23
G3170	PVR
G3171	CEACAM16
G3172	BCL3
G3173	CBLC
G3174	BCAM
G3175	NECTIN2
G3176	TOMM40
G3177	APOE
G3178	APOC1
G3179	APOC2
G3180	TRAPPC6A
G3181	BLOC1S3
G3182	EXOC3L2
G3183	ERCC2
G3184	ERCC1
G3185	FOSB
G3186	RTN2
G3187	OPA3
G3188	SIX5
G3189	DMPK
G3190	HIF3A
G3191	PPP5C
G3192	CCDC8
G3193	CALM3
G3194	FKRP
G3195	AP2S1
G3196	ARHGAP35
G3197	ZC3H4
G3198	BBC3
G3199	MEIS3
G3200	KPTN
G3201	ZNF541
G3202	CRX
G3203	SULT2A1
G3204	PLA2G4C
G3205	LIG1
G3206	CARD8
G3207	GRIN2D
G3208	GRWD1
G3209	SULT2B1
G3210	SPHK2
G3211	FUT2
G3212	FUT1
G3213	FGF21
G3214	BCAT2
G3215	PLEKHA4
G3216	DHDH
G3217	BAX
G3218	FTL
G3219	GYS1
G3220	RUVBL2
G3221	LHB
G3222	NTF4
G3223	TRPM4
G3224	CD37
G3225	ALDH16A1
G3226	PRR12
G3227	RRAS
G3228	IRF3
G3229	PRMT1
G3230	CPT1C
G3231	FUZ
G3232	MED25
G3233	PTOV1
G3234	PNKP
G3235	IL4I1
G3236	NUP62
G3237	SIGLEC11
G3238	ZNF473
G3239	MYH14
G3240	KCNC3
G3241	POLD1
G3242	MYBPC2
G3243	ACP4
G3244	KLK1
G3245	KLK15
G3246	KLK3
G3247	KLK2
G3248	KLK4
G3249	KLK6
G3250	KLK9
G3251	ETFB
G3252	LIM2
G3253	SIGLEC6
G3254	FPR1
G3255	PPP2R1A
G3256	ZNF534
G3257	ZNF83
G3258	ZNF331
G3259	NLRP12
G3260	PRKCG
G3261	PRPF31
G3262	MBOAT7
G3263	TSEN34
G3264	LILRA2
G3265	KIR3DL3
G3266	KIR2DL3
G3267	KIR2DL1
G3268	KIR3DL1
G3269	KIR3DL2
G3270	NLRP7
G3271	NLRP2
G3272	GP6
G3273	RDH13
G3274	TNNT1
G3275	TNNI3
G3276	DNAAF3
G3277	SSC5D
G3278	FIZ1
G3279	U2AF2
G3280	NLRP9
G3281	NLRP11
G3282	NLRP4
G3283	NLRP13
G3284	NLRP8
G3285	NLRP5
G3286	ZNF787
G3287	GALP
G3288	ZNF582
G3289	ZIM2-AS1
G3290	ZIM2
G3291	PEG3
G3292	MIMT1
G3293	ZNF264
G3294	AURKC
G3295	ZNF304
G3296	ZNF772
G3297	ZNF419
G3298	ZNF211
G3299	ZNF154
G3300	ZNF776
G3301	ZNF606
G3302	SLC27A5
G3303	TRIM28
G3304	ACP1
G3305	SNTG2
G3306	TPO
G3307	PXDN
G3308	MYT1L
G3309	RNASEH1
G3310	RPS7
G3311	COLEC11
G3312	SOX11
G3313	KIDINS220
G3314	ADAM17
G3315	KLF11
G3316	ODC1
G3317	ATP6V1C2
G3318	KCNF1
G3319	ROCK2
G3320	GREB1
G3321	LPIN1
G3322	TRIB2
G3323	NBAS
G3324	MYCN
G3325	GEN1
G3326	KCNS3
G3327	WDR35
G3328	MATN3
G3329	SDC1
G3330	APOB
G3331	ATAD2B
G3332	TP53I3
G3333	ITSN2
G3334	NCOA1
G3335	PTRHD1
G3336	POMC
G3337	DNMT3A
G3338	ASXL2
G3339	HADHA
G3340	HADHB
G3341	DRC1
G3342	OTOF
G3343	KCNK3
G3344	AGBL5
G3345	EMILIN1
G3346	KHK
G3347	CAD
G3348	UCN
G3349	MPV17
G3350	EIF2B4
G3351	ZNF513
G3352	IFT172
G3353	GCKR
G3354	BABAM2
G3355	PLB1
G3356	PPP1CB
G3357	PCARE
G3358	ALK
G3359	GALNT14
G3360	XDH
G3361	SRD5A2
G3362	SPAST
G3363	NLRC4
G3364	RASGRP3
G3365	VIT
G3366	EIF2AK2
G3367	CEBPZ
G3368	NDUFAF7
G3369	CYP1B1
G3370	SOS1
G3371	MAP4K3
G3372	THADA
G3373	DYNC2LI1
G3374	ABCG5
G3375	ABCG8
G3376	LRPPRC
G3377	PPM1B
G3378	SLC3A1
G3379	PREPL
G3380	CAMKMT
G3381	SIX3
G3382	SIX2
G3383	EPAS1
G3384	CRIPT
G3385	MCFD2
G3386	TTC7A
G3387	CALM2
G3388	EPCAM
G3389	MSH2
G3390	MSH6
G3391	FBXO11
G3392	STON1-GTF2A1L
G3393	LHCGR
G3394	FSHR
G3395	NRXN1
G3396	ERLEC1
G3397	SPTBN1
G3398	RTN4
G3399	CLHC1
G3400	RPS27A
G3401	MTIF2
G3402	CCDC88A
G3403	PNPT1
G3404	EFEMP1
G3405	VRK2
G3406	FANCL
G3407	BCL11A
G3408	PEX13
G3409	FAM161A
G3410	EHBP1
G3411	WDPCP
G3412	VPS54
G3413	SLC1A4
G3414	MEIS1
G3415	PROKR1
G3416	BMP10
G3417	ANTXR1
G3418	GFPT1
G3419	NFU1
G3420	ASPRV1
G3421	PCBP1
G3422	TIA1
G3423	FAM136A
G3424	TGFA
G3425	ADD2
G3426	FIGLA
G3427	CD207
G3428	VAX2
G3429	ATP6V1B1
G3430	MCEE
G3431	DYSF
G3432	CYP26B1
G3433	EXOC6B
G3434	SPR
G3435	CCT7
G3436	FBXO41
G3437	ALMS1
G3438	STAMBP
G3439	ACTG2
G3440	DGUOK
G3441	BOLA3
G3442	MTHFD2
G3443	SLC4A5
G3444	DCTN1
G3445	MOGS
G3446	AUP1
G3447	HTRA2
G3448	LOXL3
G3449	DOK1
G3450	TACR1
G3451	LRRTM4
G3452	REG1A
G3453	REG3A
G3454	SUCLG1
G3455	DNAH6
G3456	TGOLN2
G3457	ELMOD3
G3458	MAT2A
G3459	GGCX
G3460	VAMP8
G3461	SFTPB
G3462	ST3GAL5
G3463	POLR1A
G3464	REEP1
G3465	KDM3A
G3466	CD8A
G3467	THNSL2
G3468	EIF2AK3
G3469	RPIA
G3470	ZNF2
G3471	ADRA2B
G3472	TMEM127
G3473	SNRNP200
G3474	ITPRIPL1
G3475	LMAN2L
G3476	CNNM4
G3477	ZAP70
G3478	VWA3B
G3479	CNGA3
G3480	INPP4A
G3481	COA5
G3482	LIPT1
G3483	AFF3
G3484	CHST10
G3485	NPAS2
G3486	IL18RAP
G3487	SLC9A2
G3488	TGFBRAP1
G3489	FHL2
G3490	RGPD3
G3491	ST6GAL2
G3492	SLC5A7
G3493	RANBP2
G3494	EDAR
G3495	NPHP1
G3496	BUB1
G3497	BCL2L11
G3498	MERTK
G3499	TMEM87B
G3500	SLC20A1
G3501	CKAP2L
G3502	IL1A
G3503	IL1B
G3504	IL37
G3505	IL36RN
G3506	IL1RN
G3507	PAX8
G3508	EN1
G3509	STEAP3
G3510	SCTR
G3511	GLI2
G3512	RNU4ATAC
G3513	GYPC
G3514	BIN1
G3515	CYP27C1
G3516	ERCC3
G3517	PROC
G3518	MYO7B
G3519	LIMS2
G3520	HS6ST1
G3521	SMPD4
G3522	TUBA3E
G3523	CCDC115
G3524	CFC1
G3525	TUBA3D
G3526	GPR39
G3527	MGAT5
G3528	CCNT2
G3529	RAB3GAP1
G3530	LCT
G3531	MCM6
G3532	DARS1
G3533	CXCR4
G3534	HNMT
G3535	LRP1B
G3536	KYNU
G3537	ZEB2
G3538	ORC4
G3539	MBD5
G3540	KIF5C
G3541	MMADHC
G3542	RIF1
G3543	NEB
G3544	CACNB4
G3545	ARL6IP6
G3546	NR4A2
G3547	GPD2
G3548	ACVR1
G3549	BAZ2B
G3550	ITGB6
G3551	TBR1
G3552	SLC4A10
G3553	FAP
G3554	IFIH1
G3555	KCNH7
G3556	GRB14
G3557	SCN3A
G3558	SCN2A
G3559	GALNT3
G3560	TTC21B
G3561	SCN1A
G3562	SCN9A
G3563	SCN7A
G3564	B3GALT1
G3565	STK39
G3566	G6PC2
G3567	ABCB11
G3568	LRP2
G3569	BBS5
G3570	KLHL41
G3571	SSB
G3572	MYO3B
G3573	GAD1
G3574	DCAF17
G3575	SLC25A12
G3576	DLX1
G3577	DLX2
G3578	ITGA6
G3579	MAP3K20
G3580	CDCA7
G3581	SP3
G3582	OLA1
G3583	WIPF1
G3584	CHRNA1
G3585	CHN1
G3586	ATF2
G3587	EVX2
G3588	HOXD13
G3589	HOXD10
G3590	HOXD9
G3591	HOXD4
G3592	AGPS
G3593	PDE11A
G3594	PRKRA
G3595	PJVK
G3596	TTN-AS1
G3597	TTN
G3598	ITGA4
G3599	CERKL
G3600	NEUROD1
G3601	FRZB
G3602	ZNF804A
G3603	FSIP2
G3604	TFPI
G3605	DIRC1
G3606	COL3A1
G3607	COL5A2
G3608	SLC40A1
G3609	PMS1
G3610	MSTN
G3611	HIBCH
G3612	STAT1
G3613	STAT4
G3614	HECW2
G3615	GTF3C3
G3616	PGAP1
G3617	SF3B1
G3618	HSPD1
G3619	HSPE1
G3620	MARS2
G3621	SATB2
G3622	NDUFB3
G3623	CFLAR
G3624	CASP10
G3625	CASP8
G3626	STRADB
G3627	C2CD6
G3628	TMEM237
G3629	MPP4
G3630	ALS2
G3631	SUMO1
G3632	BMPR2
G3633	CYP20A1
G3634	CD28
G3635	CTLA4
G3636	ICOS
G3637	NRP2
G3638	NDUFS1
G3639	ZDBF2
G3640	ADAM23
G3641	FASTKD2
G3642	CPO
G3643	KLF7
G3644	CREB1
G3645	FZD5
G3646	CRYGD
G3647	CRYGC
G3648	CRYGB
G3649	CRYGA
G3650	IDH1
G3651	PIKFYVE
G3652	MAP2
G3653	UNC80
G3654	ACADL
G3655	CPS1
G3656	ERBB4
G3657	BARD1
G3658	ABCA12
G3659	ATIC
G3660	FN1
G3661	XRCC5
G3662	SMARCAL1
G3663	CXCR2
G3664	CXCR1
G3665	AAMP
G3666	PNKD
G3667	SLC11A1
G3668	CTDSP1
G3669	ZNF142
G3670	BCS1L
G3671	STK36
G3672	CYP27A1
G3673	PRKAG3
G3674	WNT6
G3675	WNT10A
G3676	FEV
G3677	CRYBA2
G3678	CFAP65
G3679	IHH
G3680	NHEJ1
G3681	ABCB6
G3682	TUBA4A
G3683	DNAJB2
G3684	PTPRN
G3685	DES
G3686	SPEG
G3687	GMPPA
G3688	OBSL1
G3689	SLC4A3
G3690	PAX3
G3691	CCDC140
G3692	SCG2
G3693	AP1S3
G3694	MRPL44
G3695	SERPINE2
G3696	CUL3
G3697	DOCK10
G3698	IRS1
G3699	COL4A4
G3700	COL4A3
G3701	MFF
G3702	TM4SF20
G3703	SLC19A3
G3704	TRIP12
G3705	SP110
G3706	SP140
G3707	SP100
G3708	GPR55
G3709	PDE6D
G3710	DIS3L2
G3711	ALPP
G3712	ECEL1
G3713	PRSS56
G3714	CHRND
G3715	CHRNG
G3716	EFHD1
G3717	GIGYF2
G3718	KCNJ13
G3719	INPP5D
G3720	ATG16L1
G3721	SAG
G3722	DGKD
G3723	UGT1A1
G3724	MROH2A
G3725	SPP2
G3726	SH3BP4
G3727	AGAP1
G3728	ASB18
G3729	COL6A3
G3730	MLPH
G3731	PER2
G3732	TRAF3IP1
G3733	TWIST2
G3734	HDAC4
G3735	NDUFA10
G3736	CAPN10
G3737	KIF1A
G3738	AGXT
G3739	PASK
G3740	ANO7
G3741	BOK
G3742	D2HGDH
G3743	GAL3ST2
G3744	PDCD1
G3745	RBCK1
G3746	TBC1D20
G3747	CSNK2A1
G3748	SLC52A3
G3749	RSPO4
G3750	SDCBP2
G3751	PDYN
G3752	TGM3
G3753	TGM6
G3754	SNRPB
G3755	TMC2
G3756	NOP56
G3757	IDH3B
G3758	C20orf141
G3759	AVP
G3760	ITPA
G3761	SLC4A11
G3762	ATRN
G3763	CDC25B
G3764	MAVS
G3765	PANK2
G3766	PRNP
G3767	SLC23A2
G3768	TMEM230
G3769	PCNA
G3770	PROKR2
G3771	CHGB
G3772	MCM8
G3773	FERMT1
G3774	BMP2
G3775	HAO1
G3776	PLCB1
G3777	PLCB4
G3778	SNAP25
G3779	MKKS
G3780	JAG1
G3781	SPTLC3
G3782	NDUFAF5
G3783	MACROD2
G3784	FLRT3
G3785	KIF16B
G3786	BFSP1
G3787	OVOL2
G3788	MGME1
G3789	SEC23B
G3790	RIN2
G3791	KIZ
G3792	NKX2-2
G3793	PAX1
G3794	THBD
G3795	NAPB
G3796	CST3
G3797	VSX1
G3798	ABHD12
G3799	ZNF337
G3800	REM1
G3801	HM13
G3802	ID1
G3803	COX4I2
G3804	BCL2L1
G3805	MYLK2
G3806	HCK
G3807	POFUT1
G3808	ASXL1
G3809	DNMT3B
G3810	SUN5
G3811	BPIFB2
G3812	SNTA1
G3813	E2F1
G3814	ZNF341
G3815	CHMP4B
G3816	ASIP
G3817	AHCY
G3818	ITCH
G3819	PIGU
G3820	ACSS2
G3821	GSS
G3822	MYH7B
G3823	PROCR
G3824	EIF6
G3825	FAM83C
G3826	UQCC1
G3827	GDF5
G3828	CEP250
G3829	NFS1
G3830	RBM39
G3831	EPB41L1
G3832	SLA2
G3833	SAMHD1
G3834	MROH8
G3835	RPN2
G3836	SRC
G3837	NNAT
G3838	KIAA1755
G3839	BPI
G3840	LBP
G3841	MAFB
G3842	TOP1
G3843	ZHX3
G3844	CHD6
G3845	PTPRT
G3846	SRSF6
G3847	L3MBTL1
G3848	SGK2
G3849	IFT52
G3850	JPH2
G3851	HNF4A
G3852	ADA
G3853	STK4
G3854	SLPI
G3855	MATN4
G3856	PIGT
G3857	NEURL2
G3858	CTSA
G3859	PLTP
G3860	ZNF335
G3861	MMP9
G3862	SLC12A5
G3863	CD40
G3864	ELMO2
G3865	SLC13A3
G3866	SLC2A10
G3867	EYA2
G3868	NCOA3
G3869	ARFGEF2
G3870	STAU1
G3871	KCNB1
G3872	PTGIS
G3873	UBE2V1
G3874	CEBPB
G3875	PTPN1
G3876	RIPOR3
G3877	ADNP
G3878	DPM1
G3879	SALL4
G3880	TSHZ2
G3881	CYP24A1
G3882	MC3R
G3883	AURKA
G3884	BMP7
G3885	RAE1
G3886	PCK1
G3887	ZBP1
G3888	PMEPA1
G3889	VAPB
G3890	STX16
G3891	GNAS-AS1
G3892	GNAS
G3893	CTSZ
G3894	TUBB1
G3895	ATP5F1E
G3896	EDN3
G3897	PHACTR3
G3898	SYCP2
G3899	PSMA7
G3900	SS18L1
G3901	OSBPL2
G3902	ADRM1
G3903	LAMA5
G3904	GATA5
G3905	OGFR
G3906	COL9A3
G3907	DIDO1
G3908	SLC17A9
G3909	BIRC7
G3910	CHRNA4
G3911	KCNQ2
G3912	EEF1A2
G3913	RTEL1
G3914	TNFRSF6B
G3915	SLC2A4RG
G3916	TPD52L2
G3917	DNAJC5
G3918	PRPF6
G3919	SOX18
G3920	TPTE
G3921	LIPI
G3922	NRIP1
G3923	CXADR
G3924	CHODL
G3925	TMPRSS15
G3926	APP
G3927	BACH1
G3928	CLDN8
G3929	SOD1
G3930	SCAF4
G3931	MRAP
G3932	CFAP298
G3933	SYNJ1
G3934	OLIG2
G3935	IFNAR2
G3936	IL10RB
G3937	IFNGR2
G3938	DNAJC28
G3939	GART
G3940	SON
G3941	ITSN1
G3942	KCNE2
G3943	KCNE1
G3944	RCAN1
G3945	RUNX1
G3946	CBR3
G3947	CHAF1B
G3948	CLDN14
G3949	SIM2
G3950	HLCS
G3951	VPS26C
G3952	DYRK1A
G3953	KCNJ6
G3954	ERG
G3955	BRWD1
G3956	GET1
G3957	MX1
G3958	TMPRSS2
G3959	RIPK4
G3960	UMODL1
G3961	TMPRSS3
G3962	UBASH3A
G3963	RSPH1
G3964	SLC37A1
G3965	PDE9A
G3966	NDUFV3
G3967	CBS
G3968	U2AF1
G3969	CRYAA
G3970	HSF2BP
G3971	CSTB
G3972	RRP1
G3973	TRAPPC10
G3974	AIRE
G3975	PFKL
G3976	CFAP410
G3977	TRPM2
G3978	TSPEAR
G3979	KRTAP10-3
G3980	UBE2G2
G3981	SUMO3
G3982	PTTG1IP
G3983	ITGB2
G3984	ADARB1
G3985	COL18A1
G3986	SLC19A1
G3987	COL6A1
G3988	COL6A2
G3989	FTCD
G3990	LSS
G3991	MCM3AP
G3992	PCNT
G3993	DIP2A
G3994	IL17RA
G3995	ADA2
G3996	CECR2
G3997	ATP6V1E1
G3998	PEX26
G3999	TUBA8
G4000	DGCR6
G4001	PRODH
G4002	DGCR2
G4003	ESS2
G4004	SLC25A1
G4005	CLTCL1
G4006	HIRA
G4007	CDC45
G4008	GP1BB
G4009	TBX1
G4010	TXNRD2
G4011	COMT
G4012	ARVCF
G4013	TANGO2
G4014	DGCR8
G4015	ZDHHC8
G4016	RTN4R
G4017	DGCR6L
G4018	SCARF2
G4019	PI4KA
G4020	SERPIND1
G4021	SNAP29
G4022	CRKL
G4023	LZTR1
G4024	MAPK1
G4025	VPREB1
G4026	BCR
G4027	IGLL1
G4028	CHCHD10
G4029	MMP11
G4030	SMARCB1
G4031	MIF
G4032	CABIN1
G4033	SPECC1L
G4034	ADORA2A
G4035	UPB1
G4036	GGT1
G4037	CRYBB3
G4038	CRYBB2
G4039	MYO18B
G4040	SEZ6L
G4041	HPS4
G4042	CRYBB1
G4043	CRYBA4
G4044	MIAT
G4045	MN1
G4046	CHEK2
G4047	XBP1
G4048	KREMEN1
G4049	EWSR1
G4050	GAS2L1
G4051	NEFH
G4052	NF2
G4053	LIF
G4054	SF3A1
G4055	SEC14L3
G4056	TCN2
G4057	MORC2
G4058	SMTN
G4059	LIMK2
G4060	PISD
G4061	DEPDC5
G4062	SLC5A1
G4063	FBXO7
G4064	SYN3
G4065	TIMP3
G4066	LARGE1
G4067	HMOX1
G4068	MB
G4069	RBFOX2
G4070	APOL4
G4071	APOL2
G4072	APOL1
G4073	MYH9
G4074	TXN2
G4075	CACNG2
G4076	IFT27
G4077	NCF4
G4078	CSF2RB
G4079	TST
G4080	KCTD17
G4081	TMPRSS6
G4082	RAC2
G4083	LGALS2
G4084	SH3BP1
G4085	TRIOBP
G4086	SOX10
G4087	BAIAP2L2
G4088	PLA2G6
G4089	CSNK1E
G4090	KCNJ4
G4091	DDX17
G4092	DMC1
G4093	CBY1
G4094	DNAL4
G4095	CBX7
G4096	PDGFB
G4097	SYNGR1
G4098	TAB1
G4099	CACNA1I
G4100	ADSL
G4101	MRTFA
G4102	MCHR1
G4103	XPNPEP3
G4104	EP300
G4105	ACO2
G4106	SNU13
G4107	CCDC134
G4108	TNFRSF13C
G4109	NAGA
G4110	NDUFA6
G4111	CYP2D6
G4112	TCF20
G4113	CYB5R3
G4114	A4GALT
G4115	SCUBE1
G4116	EFCAB6
G4117	PNPLA3
G4118	SAMM50
G4119	PARVB
G4120	PRR5
G4121	PRR5-ARHGAP8
G4122	UPK3A
G4123	FBLN1
G4124	ATXN10
G4125	PPARA
G4126	TRMU
G4127	CELSR1
G4128	ALG12
G4129	MLC1
G4130	TUBGCP6
G4131	HDAC10
G4132	MAPK11
G4133	PPP6R2
G4134	SBF1
G4135	NCAPH2
G4136	SCO2
G4137	TYMP
G4138	CPT1B
G4139	CHKB
G4140	MAPK8IP2
G4141	ARSA
G4142	SHANK3
G4143	CNTN6
G4144	CNTN4
G4145	IL5RA
G4146	TRNT1
G4147	CRBN
G4148	SUMF1
G4149	ITPR1
G4150	GRM7
G4151	CAV3
G4152	SETD5
G4153	MTMR14
G4154	BRPF1
G4155	OGG1
G4156	RPUSD3
G4157	CIDEC
G4158	JAGN1
G4159	IL17RC
G4160	CRELD1
G4161	FANCD2
G4162	FANCD2OS
G4163	VHL
G4164	GHRL
G4165	GHRLOS
G4166	ATP2B2
G4167	SLC6A1
G4168	SYN2
G4169	PPARG
G4170	TSEN2
G4171	RAF1
G4172	WNT7A
G4173	TMEM43
G4174	XPC
G4175	CCDC174
G4176	RBSN
G4177	COLQ
G4178	BTD
G4179	DAZL
G4180	SATB1
G4181	SGO1
G4182	RPL15
G4183	THRB
G4184	RARB
G4185	TOP2B
G4186	NGLY1
G4187	SLC4A7
G4188	EOMES
G4189	TGFBR2
G4190	STT3B
G4191	GPD1L
G4192	DYNC1LI1
G4193	GLB1
G4194	CRTAP
G4195	PDCD6IP
G4196	ARPP21
G4197	EPM2AIP1
G4198	MLH1
G4199	LRRFIP2
G4200	GOLGA4
G4201	ITGA9
G4202	PLCD1
G4203	DLEC1
G4204	ACAA1
G4205	MYD88
G4206	ACVR2B
G4207	SCN5A
G4208	SCN10A
G4209	SCN11A
G4210	WDR48
G4211	CSRNP1
G4212	XIRP1
G4213	CX3CR1
G4214	SLC25A38
G4215	RPSA
G4216	ENTPD3
G4217	CTNNB1
G4218	ULK4
G4219	VIPR1
G4220	KLHL40
G4221	CYP8B1
G4222	POMGNT2
G4223	ANO10
G4224	ABHD5
G4225	ZNF660
G4226	LARS2
G4227	SLC6A20
G4228	LZTFL1
G4229	CCR9
G4230	FYCO1
G4231	CCR2
G4232	CCR5
G4233	LTF
G4234	LRRC2
G4235	TMIE
G4236	MYL3
G4237	PTH1R
G4238	NBEAL2
G4239	SETD2
G4240	PTPN23
G4241	CSPG5
G4242	MAP4
G4243	ATRIP
G4244	TREX1
G4245	SHISA5
G4246	COL7A1
G4247	SLC26A6
G4248	CELSR3
G4249	SLC25A20
G4250	WDR6
G4251	DALRD3
G4252	NDUFAF3
G4253	IMPDH2
G4254	QARS1
G4255	USP19
G4256	LAMB2
G4257	KLHDC8B
G4258	USP4
G4259	GPX1
G4260	RHOA
G4261	AMT
G4262	NICN1
G4263	DAG1
G4264	BSN
G4265	APEH
G4266	MST1
G4267	RNF123
G4268	GMPPB
G4269	TRAIP
G4270	MST1R
G4271	RBM5
G4272	GNAT1
G4273	GNAI2
G4274	SEMA3B
G4275	HYAL1
G4276	RASSF1
G4277	ZMYND10
G4278	CACNA2D2
G4279	CISH
G4280	MAPKAPK3
G4281	DOCK3
G4282	MANF
G4283	PCBP4
G4284	ACY1
G4285	POC1A
G4286	TLR9
G4287	GLYCTK
G4288	DNAH1
G4289	BAP1
G4290	TNNC1
G4291	NISCH
G4292	PBRM1
G4293	GNL3
G4294	NEK4
G4295	ITIH1
G4296	ITIH4
G4297	RFT1
G4298	PRKCD
G4299	TKT
G4300	CACNA1D
G4301	CHDH
G4302	WNT5A
G4303	IL17RD
G4304	HESX1
G4305	APPL1
G4306	SLMAP
G4307	FLNB
G4308	DNASE1L3
G4309	PDHB
G4310	ACOX2
G4311	FHIT
G4312	CADPS
G4313	ATXN7
G4314	PRICKLE2
G4315	MAGI1
G4316	SLC25A26
G4317	SUCLG2
G4318	EOGT
G4319	LMOD3
G4320	FRMD4B
G4321	MITF
G4322	FOXP1
G4323	PROK2
G4324	PDZRN3
G4325	ZNF717
G4326	ROBO2
G4327	ROBO1
G4328	GBE1
G4329	CHMP2B
G4330	POU1F1
G4331	EPHA3
G4332	PROS1
G4333	ARL13B
G4334	ARL6
G4335	OR5AC2
G4336	OR5K1
G4337	CPOX
G4338	TFG
G4339	IMPG2
G4340	TRMT10C
G4341	NXPE3
G4342	ALCAM
G4343	CBLB
G4344	DPPA4
G4345	NECTIN3
G4346	CD96
G4347	SLC35A5
G4348	SIDT1
G4349	USF3
G4350	ATP6V1A
G4351	DRD3
G4352	ZBTB20
G4353	ARHGAP31
G4354	POGLUT1
G4355	PLA1A
G4356	NR1I2
G4357	GSK3B
G4358	HGD
G4359	STXBP5L
G4360	IQCB1
G4361	ILDR1
G4362	CD86
G4363	CASR
G4364	CSTA
G4365	PARP14
G4366	HSPBAP1
G4367	SLC49A4
G4368	ADCY5
G4369	MYLK
G4370	KALRN
G4371	UMPS
G4372	SLC12A8
G4373	ZNF148
G4374	ALDH1L1
G4375	UROC1
G4376	CHST13
G4377	MCM2
G4378	ABTB1
G4379	SEC61A1
G4380	GATA2
G4381	RAB7A
G4382	ACAD9
G4383	GP9
G4384	CNBP
G4385	MBD4
G4386	IFT122
G4387	RHO
G4388	TRH
G4389	COL6A5
G4390	COL6A6
G4391	ATP2C1
G4392	NEK11
G4393	MRPL3
G4394	ACP3
G4395	DNAJC13
G4396	ACAD11
G4397	UBA5
G4398	NPHP3
G4399	BFSP2
G4400	TF
G4401	SLCO2A1
G4402	RYK
G4403	CEP63
G4404	KY
G4405	PPP2R3A
G4406	PCCB
G4407	SOX14
G4408	FAIM
G4409	FOXL2
G4410	FOXL2NB
G4411	MRPS22
G4412	RBP1
G4413	ZBTB38
G4414	RASA2
G4415	ATR
G4416	TRPC1
G4417	CHST2
G4418	SLC9A9
G4419	PLOD2
G4420	ZIC4
G4421	ZIC1
G4422	AGTR1
G4423	GYG1
G4424	HPS3
G4425	CP
G4426	PFN2
G4427	CLRN1
G4428	MED12L
G4429	P2RY12
G4430	MBNL1
G4431	P2RY1
G4432	ARHGEF26
G4433	MME
G4434	SLC33A1
G4435	GMPS
G4436	KCNAB1
G4437	PTX3
G4438	SHOX2
G4439	MLF1
G4440	GFM1
G4441	IL12A
G4442	IFT80
G4443	SMC4
G4444	B3GALNT1
G4445	NMD3
G4446	SI
G4447	BCHE
G4448	WDR49
G4449	PDCD10
G4450	SERPINI1
G4451	MECOM
G4452	TERC
G4453	SKIL
G4454	SLC7A14
G4455	SLC2A2
G4456	TNIK
G4457	PLD1
G4458	GHSR
G4459	SPATA16
G4460	NLGN1
G4461	TBL1XR1
G4462	ZMAT3
G4463	PIK3CA
G4464	GNB4
G4465	CCDC39
G4466	DNAJC19
G4467	SOX2
G4468	MCCC1
G4469	KLHL6
G4470	YEATS2
G4471	PARL
G4472	ABCC5
G4473	HTR3D
G4474	HTR3C
G4475	HTR3E
G4476	EIF2B5
G4477	DVL3
G4478	ABCF3
G4479	ALG3
G4480	EIF4G1
G4481	CLCN2
G4482	THPO
G4483	CHRD
G4484	EHHADH
G4485	LIPH
G4486	IGF2BP2
G4487	TRA2B
G4488	CRYGS
G4489	DNAJB11
G4490	AHSG
G4491	HRG
G4492	KNG1
G4493	ADIPOQ
G4494	MASP1
G4495	BCL6
G4496	LPP
G4497	TP63
G4498	P3H2
G4499	CLDN1
G4500	CLDN16
G4501	IL1RAP
G4502	CCDC50
G4503	FGF12
G4504	OPA1
G4505	TNK2
G4506	MUC4
G4507	MUC20
G4508	TFRC
G4509	PCYT1A
G4510	TM4SF19
G4511	RNF168
G4512	CEP19
G4513	PAK2
G4514	DLG1
G4515	RUBCN
G4516	IQCG
G4517	RPL35A
G4518	LMLN
G4519	ZNF595
G4520	ZNF141
G4521	PIGG
G4522	PDE6B
G4523	SLC26A1
G4524	IDUA
G4525	RNF212
G4526	CTBP1
G4527	UVSSA
G4528	TACC3
G4529	FGFR3
G4530	LETM1
G4531	NSD2
G4532	NELFA
G4533	NAT8L
G4534	POLN
G4535	SH3BP2
G4536	ADD1
G4537	GRK4
G4538	HTT
G4539	RGS12
G4540	DOK7
G4541	LRPAP1
G4542	ADRA2C
G4543	MSX1
G4544	STK32B
G4545	EVC2
G4546	EVC
G4547	WFS1
G4548	PPP2R2C
G4549	TRMT44
G4550	HMX1
G4551	SLC2A9
G4552	DRD5
G4553	WDR1
G4554	RAB28
G4555	NKX3-2
G4556	CC2D2A
G4557	FBXL5
G4558	PROM1
G4559	TAPT1
G4560	QDPR
G4561	LCORL
G4562	SLIT2
G4563	KCNIP4
G4564	ADGRA3
G4565	PPARGC1A
G4566	SOD3
G4567	SEPSECS
G4568	PI4K2B
G4569	SLC34A2
G4570	RBPJ
G4571	CCKAR
G4572	DTHD1
G4573	TLR1
G4574	TLR6
G4575	FAM114A1
G4576	WDR19
G4577	RPL9
G4578	LIAS
G4579	PDS5A
G4580	RHOH
G4581	APBB2
G4582	UCHL1
G4583	PHOX2B
G4584	GRXCR1
G4585	GUF1
G4586	GABRG1
G4587	GABRA2
G4588	GABRA4
G4589	GABRB1
G4590	CORIN
G4591	CNGA1
G4592	LRRC66
G4593	SGCB
G4594	SPATA18
G4595	FIP1L1
G4596	CHIC2
G4597	PDGFRA
G4598	KIT
G4599	KDR
G4600	SRD5A3
G4601	TMEM165
G4602	CEP135
G4603	AASDH
G4604	SRP72
G4605	HOPX
G4606	REST
G4607	IGFBP7
G4608	ADGRL3
G4609	TECRL
G4610	STAP1
G4611	GNRHR
G4612	UGT2B17
G4613	UGT2B15
G4614	HTN3
G4615	MUC7
G4616	AMBN
G4617	ENAM
G4618	RUFY3
G4619	DCK
G4620	SLC4A4
G4621	GC
G4622	ADAMTS3
G4623	ALB
G4624	AFP
G4625	CXCL8
G4626	PF4
G4627	RCHY1
G4628	ODAPH
G4629	SCARB2
G4630	SHROOM3
G4631	FRAS1
G4632	BMP2K
G4633	PAQR3
G4634	ANTXR2
G4635	PRDM8
G4636	FGF5
G4637	HNRNPD
G4638	HNRNPDL
G4639	SEC31A
G4640	COQ2
G4641	HPSE
G4642	ABRAXAS1
G4643	WDFY3
G4644	ARHGAP24
G4645	MAPK10
G4646	PTPN13
G4647	NUDT9
G4648	DSPP
G4649	DMP1
G4650	MEPE
G4651	SPP1
G4652	PKD2
G4653	ABCG2
G4654	PPM1K
G4655	PIGY
G4656	NAP1L5
G4657	SNCA
G4658	MMRN1
G4659	GRID2
G4660	SMARCAD1
G4661	HPGDS
G4662	BMPR1B
G4663	TSPAN5
G4664	EIF4E
G4665	ADH1B
G4666	ADH1C
G4667	TRMT10A
G4668	MTTP
G4669	BANK1
G4670	SLC39A8
G4671	NFKB1
G4672	MANBA
G4673	CISD2
G4674	SLC9B1
G4675	CENPE
G4676	TACR3
G4677	TET2
G4678	PPA2
G4679	TBCK
G4680	AIMP1
G4681	CYP2U1
G4682	HADH
G4683	LEF1
G4684	COL25A1
G4685	SEC24B
G4686	CASP6
G4687	CFI
G4688	LRIT3
G4689	EGF
G4690	PITX2
G4691	ZGRF1
G4692	LARP7
G4693	ANK2
G4694	PRSS12
G4695	SEC24D
G4696	MYOZ2
G4697	FABP2
G4698	PRDM5
G4699	ANXA5
G4700	EXOSC9
G4701	CCNA2
G4702	BBS7
G4703	TRPC3
G4704	IL2
G4705	IL21
G4706	BBS12
G4707	FGF2
G4708	NUDT6
G4709	FAT4
G4710	PLK4
G4711	MFSD8
G4712	LARP1B
G4713	SCLT1
G4714	NAA15
G4715	RAB33B
G4716	ELMOD2
G4717	UCP1
G4718	IL15
G4719	FREM3
G4720	GYPE
G4721	GYPB
G4722	GYPA
G4723	HHIP
G4724	ABCE1
G4725	OTUD4
G4726	SMAD1
G4727	MMAA
G4728	EDNRA
G4729	PRMT9
G4730	NR3C2
G4731	LRBA
G4732	MAB21L2
G4733	SH3D19
G4734	FBXW7
G4735	TRIM2
G4736	TLR2
G4737	RNF175
G4738	SFRP2
G4739	DCHS2
G4740	FGB
G4741	FGA
G4742	FGG
G4743	LRAT
G4744	GUCY1A1
G4745	GLRB
G4746	RXFP1
G4747	C4orf46
G4748	ETFDH
G4749	RAPGEF2
G4750	MSMO1
G4751	TLL1
G4752	SPOCK3
G4753	DDX60
G4754	DDX60L
G4755	PALLD
G4756	NEK1
G4757	CLCN3
G4758	HAND2
G4759	HPGD
G4760	VEGFC
G4761	AGA
G4762	TENM3
G4763	WWC2
G4764	CDKN2AIP
G4765	TRAPPC11
G4766	PRIMPOL
G4767	SLC25A4
G4768	UFSP2
G4769	PDLIM3
G4770	SORBS2
G4771	TLR3
G4772	CYP4V2
G4773	KLKB1
G4774	F11
G4775	FAT1
G4776	TRIML1
G4777	FRG1
G4778	PLEKHG4B
G4779	LRRC14B
G4780	CCDC127
G4781	SDHA
G4782	AHRR
G4783	SLC9A3
G4784	SLC6A19
G4785	TERT
G4786	CLPTM1L
G4787	SLC6A3
G4788	LPCAT1
G4789	NDUFS6
G4790	NSUN2
G4791	ADCY2
G4792	MTRR
G4793	FASTKD3
G4794	SEMA5A
G4795	CCT5
G4796	DAP
G4797	CTNND2
G4798	DNAH5
G4799	TRIO
G4800	OTULIN
G4801	ANKH
G4802	RETREG1
G4803	CDH9
G4804	DROSHA
G4805	PDZD2
G4806	ZFR
G4807	NPR3
G4808	SLC45A2
G4809	AMACR
G4810	DNAJC21
G4811	PRLR
G4812	IL7R
G4813	SKP2
G4814	NADK2
G4815	SLC1A3
G4816	NIPBL
G4817	CPLANE1
G4818	NUP155
G4819	GDNF
G4820	LIFR
G4821	OSMR
G4822	FYB1
G4823	C9
G4824	DAB2
G4825	PTGER4
G4826	C7
G4827	C6
G4828	OXCT1
G4829	GHR
G4830	NNT
G4831	FGF10
G4832	HCN1
G4833	ISL1
G4834	ITGA2
G4835	MOCS2
G4836	FST
G4837	NDUFS4
G4838	HSPB3
G4839	GZMA
G4840	MCIDAS
G4841	CCNO
G4842	DHX29
G4843	IL31RA
G4844	MAP3K1
G4845	GPBP1
G4846	PDE4D
G4847	ERCC8
G4848	NDUFAF2
G4849	ZSWIM6
G4850	KIF2A
G4851	HTR1A
G4852	ERBIN
G4853	MAST4
G4854	PIK3R1
G4855	SLC30A5
G4856	MARVELD2
G4857	OCLN
G4858	SMN2
G4859	SMN1
G4860	NAIP
G4861	BDP1
G4862	MCCC2
G4863	CARTPT
G4864	ARHGEF28
G4865	HEXB
G4866	GFM2
G4867	ANKRD31
G4868	HMGCR
G4869	CERT1
G4870	POLK
G4871	IQGAP2
G4872	F2R
G4873	AGGF1
G4874	PDE8B
G4875	AP3B1
G4876	ARSB
G4877	DMGDH
G4878	BHMT2
G4879	BHMT
G4880	THBS4
G4881	SPZ1
G4882	DHFR
G4883	MSH3
G4884	RASGRF2
G4885	SSBP2
G4886	XRCC4
G4887	VCAN
G4888	RASA1
G4889	MEF2C
G4890	ADGRV1
G4891	ARRDC3
G4892	NR2F1
G4893	GLRX
G4894	PCSK1
G4895	CAST
G4896	ERAP1
G4897	ERAP2
G4898	PAM
G4899	PPIP5K2
G4900	FER
G4901	SLC25A46
G4902	WDR36
G4903	EPB41L4A
G4904	APC
G4905	DCP2
G4906	MCC
G4907	YTHDC2
G4908	HSD17B4
G4909	LOX
G4910	SNCAIP
G4911	PRDM6
G4912	CEP120
G4913	ALDH7A1
G4914	LMNB1
G4915	MARCHF3
G4916	MEGF10
G4917	SLC12A2
G4918	FBN2
G4919	HINT1
G4920	LYRM7
G4921	ACSL6
G4922	CSF2
G4923	P4HA2
G4924	PDLIM4
G4925	SLC22A4
G4926	SLC22A5
G4927	IRF1
G4928	IL5
G4929	RAD50
G4930	IL13
G4931	IL4
G4932	GDF9
G4933	UQCRQ
G4934	AFF4
G4935	VDAC1
G4936	TCF7
G4937	PPP2CA
G4938	CDKL3
G4939	UBE2B
G4940	SAR1B
G4941	TXNDC15
G4942	PITX1
G4943	TGFBI
G4944	VTRNA2-1
G4945	SMAD5
G4946	SPOCK1
G4947	KLHL3
G4948	MYOT
G4949	GFRA3
G4950	FAM53C
G4951	REEP2
G4952	EGR1
G4953	HSPA9
G4954	CTNNA1
G4955	SIL1
G4956	MATR3
G4957	STING1
G4958	PURA
G4959	SLC4A9
G4960	SRA1
G4961	CD14
G4962	NDUFA2
G4963	HARS1
G4964	HARS2
G4965	PCDHA2
G4966	PCDHA3
G4967	PCDHA10
G4968	PCDHAC1
G4969	PCDHB1
G4970	PCDHB4
G4971	PCDHGC4
G4972	DIAPH1
G4973	HDAC3
G4974	ARAP3
G4975	SPRY4
G4976	ARHGAP26
G4977	NR3C1
G4978	GRXCR2
G4979	LARS1
G4980	POU4F3
G4981	PPP2R2B
G4982	SPINK1
G4983	SCGB3A2
G4984	SPINK5
G4985	FBXO38
G4986	HTR4
G4987	ADRB2
G4988	SH3TC2
G4989	ABLIM3
G4990	PPARGC1B
G4991	PDE6A
G4992	SLC26A2
G4993	HMGXB3
G4994	CSF1R
G4995	PDGFRB
G4996	CDX1
G4997	CAMK2A
G4998	ARSI
G4999	TCOF1
G5000	CD74
G5001	RPS14
G5002	NDST1
G5003	MYOZ3
G5004	IRGM
G5005	ZNF300
G5006	TNIP1
G5007	GM2A
G5008	SLC36A2
G5009	FAT2
G5010	SPARC
G5011	GLRA1
G5012	GRIA1
G5013	HAND1
G5014	GEMIN5
G5015	SGCD
G5016	HAVCR1
G5017	HAVCR2
G5018	ITK
G5019	ADAM19
G5020	NIPAL4
G5021	CLINT1
G5022	IL12B
G5023	FABP6
G5024	GABRB2
G5025	GABRA1
G5026	GABRG2
G5027	HMMR
G5028	WWC1
G5029	RARS1
G5030	SLIT3
G5031	SPDL1
G5032	DOCK2
G5033	FOXI1
G5034	KCNIP1
G5035	KCNMB1
G5036	GABRP
G5037	NPM1
G5038	FGF18
G5039	FBXW11
G5040	SH3PXD2B
G5041	NKX2-5
G5042	MSX2
G5043	DRD1
G5044	SNCB
G5045	TSPAN17
G5046	HK3
G5047	FGFR4
G5048	NSD1
G5049	SLC34A1
G5050	F12
G5051	GRK6
G5052	DDX41
G5053	TMED9
G5054	B4GALT7
G5055	PROP1
G5056	NHP2
G5057	PHYKPL
G5058	GRM6
G5059	ADAMTS2
G5060	RUFY1
G5061	MAML1
G5062	LTC4S
G5063	SQSTM1
G5064	MAPK9
G5065	FLT4
G5066	MGAT1
G5067	TRIM7
G5068	TRIM41
G5069	IRF4
G5070	EXOC2
G5071	FOXF2
G5072	FOXC1
G5073	MYLK4
G5074	SERPINB6
G5075	NQO2
G5076	RIPK1
G5077	TUBB2A
G5078	TUBB2B
G5079	FAM50B
G5080	LYRM4
G5081	FARS2
G5082	F13A1
G5083	RREB1
G5084	DSP
G5085	TFAP2A
G5086	GCNT2
G5087	MAK
G5088	GCM2
G5089	EDN1
G5090	TBC1D7
G5091	CD83
G5092	DTNBP1
G5093	GMPR
G5094	ATXN1
G5095	KIF13A
G5096	NHLRC1
G5097	TPMT
G5098	DEK
G5099	E2F3
G5100	CDKAL1
G5101	SOX4
G5102	PRL
G5103	DCDC2
G5104	GPLD1
G5105	ALDH5A1
G5106	KIAA0319
G5107	TDP2
G5108	GMNN
G5109	RIPOR2
G5110	SLC17A3
G5111	SLC17A2
G5112	HFE
G5113	ZNF184
G5114	GPX5
G5115	OR2J3
G5116	OR12D2
G5117	OR11A1
G5118	GABBR1
G5119	MOG
G5120	ZFP57
G5121	HLA-F
G5122	HLA-G
G5123	HLA-A
G5124	TRIM40
G5125	ABCF1
G5126	TUBB
G5127	DDR1
G5128	VARS2
G5129	MUC21
G5130	PSORS1C1
G5131	CDSN
G5132	CCHCR1
G5133	HLA-C
G5134	HLA-B
G5135	MICA
G5136	MICB
G5137	NFKBIL1
G5138	LTA
G5139	TNF
G5140	LST1
G5141	NCR3
G5142	MPIG6B
G5143	MSH5
G5144	VARS1
G5145	HSPA1L
G5146	NEU1
G5147	SLC44A4
G5148	C2
G5149	CFB
G5150	C4A
G5151	C4B
G5152	CYP21A2
G5153	TNXB
G5154	ATF6B
G5155	PPT2
G5156	AGER
G5157	NOTCH4
G5158	BTNL2
G5159	HLA-DRB1
G5160	HLA-DQA1
G5161	HLA-DQB1
G5162	HLA-DOB
G5163	TAP2
G5164	PSMB8
G5165	TAP1
G5166	HLA-DMA
G5167	BRD2
G5168	HLA-DOA
G5169	HLA-DPA1
G5170	HLA-DPB1
G5171	COL11A2
G5172	RXRB
G5173	TAPBP
G5174	SYNGAP1
G5175	ITPR3
G5176	UQCC2
G5177	LEMD2
G5178	GRM4
G5179	HMGA1
G5180	RPS10
G5181	SCUBE3
G5182	PPARD
G5183	FANCE
G5184	TULP1
G5185	FKBP5
G5186	ARMC12
G5187	LHFPL5
G5188	SRPK1
G5189	SLC26A8
G5190	PNPLA1
G5191	BNIP5
G5192	ETV7
G5193	CDKN1A
G5194	FGD2
G5195	PIM1
G5196	MDGA1
G5197	BTBD9
G5198	GLO1
G5199	DNAH8
G5200	KCNK17
G5201	KIF6
G5202	MOCS1
G5203	TREM2
G5204	TREM1
G5205	MED20
G5206	CCND3
G5207	GUCA1A
G5208	GUCA1B
G5209	PRPH2
G5210	BICRAL
G5211	PTCRA
G5212	GNMT
G5213	PEX6
G5214	PPP2R5D
G5215	CUL7
G5216	TTBK1
G5217	POLR1C
G5218	XPO5
G5219	POLH
G5220	RSPH9
G5221	VEGFA
G5222	SLC29A1
G5223	AARS2
G5224	RUNX2
G5225	CLIC5
G5226	ENPP5
G5227	RCAN2
G5228	CYP39A1
G5229	TDRD6
G5230	PLA2G7
G5231	CD2AP
G5232	ADGRF4
G5233	MMUT
G5234	RHAG
G5235	TFAP2B
G5236	PKHD1
G5237	IL17A
G5238	IL17F
G5239	EFHC1
G5240	GSTA2
G5241	CILK1
G5242	ELOVL5
G5243	GCLC
G5244	HCRTR2
G5245	DST
G5246	RAB23
G5247	PRIM2
G5248	PHF3
G5249	EYS
G5250	LMBRD1
G5251	COL9A1
G5252	FAM135A
G5253	RIMS1
G5254	KCNQ5
G5255	KHDC3L
G5256	MTO1
G5257	SLC17A5
G5258	CD109
G5259	COL12A1
G5260	FILIP1
G5261	MYO6
G5262	IMPG1
G5263	PHIP
G5264	HMGN3
G5265	LCA5
G5266	ELOVL4
G5267	BCKDHB
G5268	TENT5A
G5269	IBTK
G5270	TPBG
G5271	PGM3
G5272	RIPPLY2
G5273	MRAP2
G5274	TBX18
G5275	NT5E
G5276	SNX14
G5277	SYNCRIP
G5278	ZNF292
G5279	SLC35A1
G5280	RARS2
G5281	GABRR2
G5282	MDN1
G5283	MAP3K7
G5284	EPHA7
G5285	NDUFAF4
G5286	FBXL4
G5287	FAXC
G5288	SIM1
G5289	GRIK2
G5290	HACE1
G5291	LIN28B
G5292	BVES
G5293	PREP
G5294	PRDM1
G5295	RTN4IP1
G5296	CD24
G5297	PDSS2
G5298	SOBP
G5299	SEC63
G5300	OSTM1
G5301	NR2E1
G5302	SNX3
G5303	SESN1
G5304	CD164
G5305	MICAL1
G5306	ZBTB24
G5307	FIG4
G5308	REV3L
G5309	TRAF3IP2
G5310	CCN6
G5311	LAMA4
G5312	NT5DC1
G5313	COL10A1
G5314	DSE
G5315	TSPYL1
G5316	RSPH4A
G5317	RFX6
G5318	ROS1
G5319	NUS1
G5320	CEP85L
G5321	PLN
G5322	MCM9
G5323	TBC1D32
G5324	GJA1
G5325	HSF2
G5326	FABP7
G5327	TRDN
G5328	NKAIN2
G5329	TPD52L1
G5330	THEMIS
G5331	LAMA2
G5332	L3MBTL3
G5333	AKAP7
G5334	ARG1
G5335	MED23
G5336	ENPP3
G5337	ENPP1
G5338	CCN2
G5339	STX7
G5340	TAAR6
G5341	VNN1
G5342	VNN2
G5343	EYA4
G5344	TCF21
G5345	TBPL1
G5346	ALDH8A1
G5347	HBS1L
G5348	MYB
G5349	AHI1
G5350	PDE7B
G5351	MAP3K5
G5352	PEX7
G5353	IFNGR1
G5354	TNFAIP3
G5355	PBOV1
G5356	HEBP2
G5357	REPS1
G5358	CITED2
G5359	ADGRG6
G5360	HIVEP2
G5361	PEX3
G5362	FUCA2
G5363	PLAGL1
G5364	HYMAI
G5365	STX11
G5366	UTRN
G5367	EPM2A
G5368	GRM1
G5369	SASH1
G5370	TAB2
G5371	SUMO4
G5372	PCMT1
G5373	RAET1E
G5374	IYD
G5375	PLEKHG1
G5376	MTHFD1L
G5377	AKAP12
G5378	RMND1
G5379	CCDC170
G5380	ESR1
G5381	SYNE1
G5382	OPRM1
G5383	TFB1M
G5384	NOX3
G5385	ARID1B
G5386	SYNJ2
G5387	SERAC1
G5388	GTF2H5
G5389	SYTL3
G5390	EZR
G5391	RSPH3
G5392	TAGAP
G5393	SOD2
G5394	ACAT2
G5395	IGF2R
G5396	LPA
G5397	PLG
G5398	PRKN
G5399	PACRG
G5400	QKI
G5401	PDE10A
G5402	TBXT
G5403	MPC1
G5404	RNASET2
G5405	AFDN
G5406	SMOC2
G5407	THBS2
G5408	WDR27
G5409	ERMARD
G5410	DLL1
G5411	TBP
G5412	FAM20C
G5413	PDGFA
G5414	PRKAR1B
G5415	DNAAF5
G5416	CYP2W1
G5417	MAD1L1
G5418	CHST12
G5419	LFNG
G5420	BRAT1
G5421	CARD11
G5422	SDK1
G5423	AP5Z1
G5424	RBAK
G5425	TNRC18
G5426	ACTB
G5427	FSCN1
G5428	RNF216
G5429	PMS2
G5430	AIMP2
G5431	CYTH3
G5432	RAC1
G5433	C1GALT1
G5434	GLCCI1
G5435	NDUFA4
G5436	THSD7A
G5437	ETV1
G5438	DGKB
G5439	MEOX2
G5440	CRPPA
G5441	HDAC9
G5442	TWIST1
G5443	SP8
G5444	SP4
G5445	DNAH11
G5446	IL6
G5447	KLHL7
G5448	NPY
G5449	GSDME
G5450	CYCS
G5451	HNRNPA2B1
G5452	SNX10
G5453	HOXA1
G5454	HOTAIRM1
G5455	HOXA2
G5456	HOXA9
G5457	HOXA11
G5458	HOXA13
G5459	TAX1BP1
G5460	JAZF1
G5461	CHN2
G5462	SCRN1
G5463	FKBP14
G5464	NOD1
G5465	GARS1
G5466	CRHR2
G5467	INMT
G5468	AQP1
G5469	GHRHR
G5470	ADCYAP1R1
G5471	ITPRID1
G5472	PPP1R17
G5473	PDE1C
G5474	NT5C3A
G5475	RP9
G5476	BBS9
G5477	BMPER
G5478	NPSR1-AS1
G5479	NPSR1
G5480	TBX20
G5481	ANLN
G5482	NME8
G5483	SFRP4
G5484	STARD3NL
G5485	POU6F2
G5486	CDK13
G5487	MPLKIP
G5488	SUGCT
G5489	GLI3
G5490	BLVRA
G5491	PGAM2
G5492	AEBP1
G5493	GCK
G5494	CAMK2B
G5495	NPC1L1
G5496	OGDH
G5497	PPIA
G5498	CCM2
G5499	ADCY1
G5500	IGFBP3
G5501	PKD1L1
G5502	UPP1
G5503	ABCA13
G5504	IKZF1
G5505	FIGNL1
G5506	DDC
G5507	GRB10
G5508	COBL
G5509	EGFR
G5510	PSPH
G5511	CHCHD2
G5512	VKORC1L1
G5513	GUSB
G5514	ASL
G5515	KCTD7
G5516	SBDS
G5517	TYW1
G5518	AUTS2
G5519	FKBP6
G5520	FZD9
G5521	BAZ1B
G5522	BCL7B
G5523	TBL2
G5524	MLXIPL
G5525	STX1A
G5526	CLDN3
G5527	CLDN4
G5528	METTL27
G5529	ELN
G5530	LIMK1
G5531	EIF4H
G5532	LAT2
G5533	RFC2
G5534	CLIP2
G5535	GTF2IRD1
G5536	GTF2I
G5537	NCF1
G5538	GTF2IRD2
G5539	HIP1
G5540	CCL26
G5541	RHBDD2
G5542	POR
G5543	MDH2
G5544	HSPB1
G5545	ZP3
G5546	PTPN12
G5547	MAGI2
G5548	CD36
G5549	SEMA3C
G5550	HGF
G5551	CACNA2D1
G5552	PCLO
G5553	SEMA3E
G5554	SEMA3A
G5555	SEMA3D
G5556	DMTF1
G5557	ABCB4
G5558	ABCB1
G5559	SRI
G5560	STEAP4
G5561	AKAP9
G5562	CYP51A1
G5563	KRIT1
G5564	GATAD1
G5565	PEX1
G5566	CDK6
G5567	SAMD9
G5568	SAMD9L
G5569	HEPACAM2
G5570	CALCR
G5571	GNGT1
G5572	TFPI2
G5573	COL1A2
G5574	SGCE
G5575	PEG10
G5576	PPP1R9A
G5577	PON1
G5578	PON3
G5579	PON2
G5580	PDK4
G5581	SLC25A13
G5582	SEM1
G5583	DLX5
G5584	ASNS
G5585	LMTK2
G5586	BAIAP2L1
G5587	NPTX2
G5588	TRRAP
G5589	KPNA7
G5590	ARPC1B
G5591	PDAP1
G5592	PTCD1
G5593	ZNF655
G5594	CYP3A5
G5595	CYP3A7
G5596	CYP3A4
G5597	CYP3A43
G5598	GJC3
G5599	ZKSCAN1
G5600	COPS6
G5601	AP4M1
G5602	TAF6
G5603	STAG3
G5604	PILRA
G5605	TFR2
G5606	GIGYF1
G5607	EPO
G5608	ZAN
G5609	EPHB4
G5610	ACHE
G5611	MUC12
G5612	MUC17
G5613	SERPINE1
G5614	AP1S1
G5615	PLOD3
G5616	COL26A1
G5617	CUX1
G5618	SH2B2
G5619	ARMC10
G5620	SLC26A5
G5621	RELN
G5622	ORC5
G5623	KMT2E
G5624	RINT1
G5625	CCDC71L
G5626	PIK3CG
G5627	COG5
G5628	SLC26A4
G5629	SLC26A3
G5630	DLD
G5631	LAMB1
G5632	NRCAM
G5633	PNPLA8
G5634	IMMP2L
G5635	DOCK4
G5636	ZNF277
G5637	IFRD1
G5638	PPP1R3A
G5639	FOXP2
G5640	MDFIC
G5641	TFEC
G5642	CAV2
G5643	CAV1
G5644	MET
G5645	ST7
G5646	CFTR
G5647	CTTNBP2
G5648	KCND2
G5649	TSPAN12
G5650	ING3
G5651	WNT16
G5652	PTPRZ1
G5653	AASS
G5654	FEZF1
G5655	CADPS2
G5656	TAS2R16
G5657	SLC13A1
G5658	ASB15
G5659	POT1
G5660	GRM8
G5661	PAX4
G5662	SND1
G5663	LEP
G5664	RBM28
G5665	IMPDH1
G5666	CALU
G5667	OPN1SW
G5668	FLNC
G5669	IRF5
G5670	TNPO3
G5671	SMO
G5672	AHCYL2
G5673	MIR182
G5674	MIR96
G5675	MIR183
G5676	CPA4
G5677	CPA1
G5678	CEP41
G5679	MESTIT1
G5680	MEST
G5681	KLF14
G5682	PODXL
G5683	EXOC4
G5684	BPGM
G5685	CALD1
G5686	NUP205
G5687	CHRM2
G5688	AKR1D1
G5689	TRIM24
G5690	SVOPL
G5691	ATP6V0A4
G5692	KIAA1549
G5693	ZC3HAV1
G5694	LUC7L2
G5695	TBXAS1
G5696	BRAF
G5697	AGK
G5698	MGAM
G5699	TAS2R38
G5700	PRSS1
G5701	PRSS2
G5702	TRPV6
G5703	TRPV5
G5704	KEL
G5705	CASP2
G5706	CLCN1
G5707	CTAGE6
G5708	NOBOX
G5709	TPK1
G5710	CNTNAP2
G5711	CUL1
G5712	EZH2
G5713	KRBA1
G5714	ZNF862
G5715	KCNH2
G5716	NOS3
G5717	ATG9B
G5718	CDK5
G5719	SLC4A2
G5720	AGAP3
G5721	ASB10
G5722	SMARCD3
G5723	NUB1
G5724	PRKAG2
G5725	KMT2C
G5726	XRCC2
G5727	DPP6
G5728	PAXIP1
G5729	HTR5A
G5730	EN2
G5731	SHH
G5732	LMBR1
G5733	MNX1
G5734	DNAJB6
G5735	PTPRN2
G5736	NCAPG2
G5737	DLGAP2
G5738	CLN8
G5739	ARHGEF10
G5740	MCPH1
G5741	ANGPT2
G5742	DEFB104A
G5743	CTSB
G5744	NEIL2
G5745	GATA4
G5746	BLK
G5747	SOX7
G5748	RP1L1
G5749	PRSS55
G5750	PPP1R3B
G5751	MFHAS1
G5752	SPAG11B
G5753	DEFB4A
G5754	DLC1
G5755	SGCZ
G5756	TUSC3
G5757	MSR1
G5758	FGF20
G5759	VPS37A
G5760	SLC7A2
G5761	PDGFRL
G5762	MTUS1
G5763	PCM1
G5764	ASAH1
G5765	NAT1
G5766	NAT2
G5767	LPL
G5768	ATP6V1B2
G5769	LZTS1
G5770	GFRA2
G5771	FGF17
G5772	NUDT18
G5773	HR
G5774	SFTPC
G5775	BMP1
G5776	SLC39A14
G5777	SORBS3
G5778	PDLIM2
G5779	RHOBTB2
G5780	TNFRSF10B
G5781	TNFRSF10C
G5782	TNFRSF10D
G5783	TNFRSF10A
G5784	ENTPD4
G5785	NKX2-6
G5786	STC1
G5787	ADAM28
G5788	NEFM
G5789	NEFL
G5790	DOCK5
G5791	GNRH1
G5792	EBF2
G5793	DPYSL2
G5794	ADRA1A
G5795	PTK2B
G5796	CHRNA2
G5797	EPHX2
G5798	CLU
G5799	ESCO2
G5800	FZD3
G5801	INTS9
G5802	RBPMS
G5803	GTF2E2
G5804	GSR
G5805	UBXN8
G5806	TEX15
G5807	WRN
G5808	NRG1
G5809	TTI2
G5810	ERLIN2
G5811	PLPBP
G5812	BRF2
G5813	ADRB3
G5814	STAR
G5815	DDHD2
G5816	NSD3
G5817	FGFR1
G5818	ADAM9
G5819	IDO1
G5820	ANK1
G5821	KAT6A
G5822	PLAT
G5823	IKBKB
G5824	SLC20A2
G5825	THAP1
G5826	RNF170
G5827	POMK
G5828	HGSNAT
G5829	PRKDC
G5830	MCM4
G5831	SNAI2
G5832	RB1CC1
G5833	SOX17
G5834	RP1
G5835	LYN
G5836	RPS20
G5837	PLAG1
G5838	BPNT2
G5839	CYP7A1
G5840	TOX
G5841	CA8
G5842	CHD7
G5843	ASPH
G5844	GGH
G5845	TTPA
G5846	YTHDF3
G5847	BHLHE22
G5848	CYP7B1
G5849	MTFR1
G5850	PDE7A
G5851	DNAJC5B
G5852	CRH
G5853	SGK3
G5854	CSPP1
G5855	CPA6
G5856	PREX2
G5857	C8orf34
G5858	SULF1
G5859	EYA1
G5860	TRPA1
G5861	TERF1
G5862	TMEM70
G5863	JPH1
G5864	GDAP1
G5865	PEX2
G5866	FABP5
G5867	PMP2
G5868	IMPA1
G5869	LRRCC1
G5870	CA1
G5871	CA2
G5872	CNGB3
G5873	RIPK2
G5874	NBN
G5875	DECR1
G5876	RUNX1T1
G5877	TMEM67
G5878	PDP1
G5879	RAD54B
G5880	INTS8
G5881	CCNE2
G5882	NDUFAF6
G5883	GDF6
G5884	UQCRB
G5885	PTDSS1
G5886	POP1
G5887	VPS13B
G5888	POLR2K
G5889	SPAG1
G5890	PABPC1
G5891	GRHL2
G5892	RRM2B
G5893	UBR5
G5894	ODF1
G5895	KLF10
G5896	FZD6
G5897	CTHRC1
G5898	SLC25A32
G5899	RIMS2
G5900	DPYS
G5901	ZFPM2
G5902	ANGPT1
G5903	RSPO2
G5904	TRHR
G5905	TRPS1
G5906	RAD21
G5907	SLC30A8
G5908	EXT1
G5909	TNFRSF11B
G5910	CCN3
G5911	ENPP2
G5912	TAF2
G5913	COL14A1
G5914	MTBP
G5915	ZHX2
G5916	RNF139
G5917	NDUFB9
G5918	WASHC5
G5919	NSMCE2
G5920	MYC
G5921	ASAP1
G5922	EFR3A
G5923	KCNQ3
G5924	TG
G5925	CCN4
G5926	NDRG1
G5927	ZFAT
G5928	COL22A1
G5929	KCNK9
G5930	TRAPPC9
G5931	PTK2
G5932	JRK
G5933	PSCA
G5934	SLURP1
G5935	CYP11B1
G5936	CYP11B2
G5937	GPIHBP1
G5938	PYCR3
G5939	FAM83H
G5940	SCRIB
G5941	PUF60
G5942	EPPK1
G5943	PLEC
G5944	OPLAH
G5945	CYC1
G5946	DGAT1
G5947	SLC52A2
G5948	SLC39A4
G5949	VPS28
G5950	FOXH1
G5951	GPT
G5952	RECQL4
G5953	LRRC14
G5954	FOXD4
G5955	DOCK8
G5956	KANK1
G5957	DMRT1
G5958	DMRT2
G5959	SMARCA2
G5960	VLDLR
G5961	KCNV2
G5962	GLIS3
G5963	SLC1A1
G5964	AK3
G5965	JAK2
G5966	INSL6
G5967	IL33
G5968	GLDC
G5969	PTPRD
G5970	TYRP1
G5971	MPDZ
G5972	FREM1
G5973	CCDC171
G5974	BNC2
G5975	SLC24A2
G5976	IFNA21
G5977	KLHL9
G5978	IFNA2
G5979	MTAP
G5980	CDKN2A
G5981	CDKN2B
G5982	ELAVL2
G5983	TUSC1
G5984	IFT74
G5985	TEK
G5986	C9orf72
G5987	TOPORS
G5988	NDUFB6
G5989	APTX
G5990	B4GALT1
G5991	BAG1
G5992	NFX1
G5993	AQP7
G5994	AQP3
G5995	PRSS3
G5996	KIF24
G5997	FAM219A
G5998	DNAI1
G5999	CNTFR
G6000	SIGMAR1
G6001	GALT
G6002	IL11RA
G6003	PHF24
G6004	DNAJB5
G6005	VCP
G6006	FANCG
G6007	PIGO
G6008	UNC13B
G6009	RMRP
G6010	CCDC107
G6011	TPM2
G6012	CREB3
G6013	GBA2
G6014	NPR2
G6015	SPAG8
G6016	GNE
G6017	PAX5
G6018	GRHPR
G6019	EXOSC3
G6020	ALDH1B1
G6021	PRKACG
G6022	FXN
G6023	TJP2
G6024	MAMDC2
G6025	TRPM3
G6026	CEMIP2
G6027	GDA
G6028	TMC1
G6029	ALDH1A1
G6030	RORB
G6031	TRPM6
G6032	PCSK5
G6033	VPS13A
G6034	GNAQ
G6035	CEP78
G6036	PSAT1
G6037	UBQLN1
G6038	HNRNPK
G6039	NTRK2
G6040	GAS1
G6041	DAPK1
G6042	SECISBP2
G6043	SYK
G6044	AUH
G6045	ROR2
G6046	SPTLC1
G6047	IARS1
G6048	ASPN
G6049	IPPK
G6050	BICD2
G6051	FAM120AOS
G6052	PHF2
G6053	FBP1
G6054	AOPEP
G6055	FANCC
G6056	PTCH1
G6057	ERCC6L2
G6058	HSD17B3
G6059	CCDC180
G6060	TDRD7
G6061	XPA
G6062	FOXE1
G6063	NANS
G6064	GABBR2
G6065	ANKS6
G6066	GALNT12
G6067	TGFBR1
G6068	ALG2
G6069	NR4A3
G6070	INVS
G6071	CAVIN4
G6072	BAAT
G6073	ALDOB
G6074	RNF20
G6075	ABCA1
G6076	FKTN
G6077	TMEM38B
G6078	ZNF462
G6079	ELP1
G6080	FRRS1L
G6081	PTPN3
G6082	MUSK
G6083	ZFP37
G6084	PRPF4
G6085	ALAD
G6086	RGS3
G6087	KIF12
G6088	COL27A1
G6089	WHRN
G6090	TNFSF15
G6091	TNC
G6092	ASTN2
G6093	TRIM32
G6094	TLR4
G6095	CDK5RAP2
G6096	TRAF1
G6097	C5
G6098	GSN
G6099	NDUFA8
G6100	LHX6
G6101	MRRF
G6102	PTGS1
G6103	OR1N1
G6104	OR1L1
G6105	OR1L6
G6106	CRB2
G6107	NR5A1
G6108	SCAI
G6109	HSPA5
G6110	MVB12B
G6111	LMX1B
G6112	LRSAM1
G6113	STXBP1
G6114	TOR2A
G6115	SH2D3C
G6116	CDK9
G6117	MIR2861
G6118	FPGS
G6119	ENG
G6120	AK1
G6121	DPM2
G6122	SLC25A25
G6123	PTGES2
G6124	CIZ1
G6125	DNM1
G6126	COQ4
G6127	SLC27A4
G6128	ODF2
G6129	GLE1
G6130	SPTAN1
G6131	SET
G6132	ENDOG
G6133	LRRC8A
G6134	DOLK
G6135	NUP188
G6136	PTPA
G6137	TOR1A
G6138	USP20
G6139	FNBP1
G6140	ASS1
G6141	PRDM12
G6142	ABL1
G6143	LAMC3
G6144	NUP214
G6145	POMT1
G6146	RAPGEF1
G6147	SETX
G6148	TSC1
G6149	GFI1B
G6150	CEL
G6151	GBGT1
G6152	ABO
G6153	SURF1
G6154	ADAMTS13
G6155	ADAMTSL2
G6156	DBH
G6157	SARDH
G6158	VAV2
G6159	WDR5
G6160	COL5A1
G6161	FCN2
G6162	FCN1
G6163	MRPS2
G6164	OBP2A
G6165	SOHLH1
G6166	KCNT1
G6167	LHX3
G6168	GPSM1
G6169	CARD9
G6170	SNAPC4
G6171	PMPCA
G6172	INPP5E
G6173	NOTCH1
G6174	AGPAT2
G6175	RABL6
G6176	EDF1
G6177	C8G
G6178	ABCA2
G6179	FUT7
G6180	ENTPD2
G6181	MAN1B1
G6182	GRIN1
G6183	TPRN
G6184	SLC34A3
G6185	NSMF
G6186	DPH7
G6187	EHMT1
G6188	CACNA1B
G6189	PLCXD1
G6190	GTPBP6
G6191	PPP2R3B
G6192	SHOX
G6193	CRLF2
G6194	CSF2RA
G6195	SLC25A6
G6196	ASMTL-AS1
G6197	ASMTL
G6198	P2RY8
G6199	AKAP17A
G6200	ASMT
G6201	ZBED1
G6202	CD99
G6203	XG
G6204	GYG2
G6205	ARSD
G6206	ARSL
G6207	ARSF
G6208	LINC01546
G6209	MXRA5
G6210	PRKX
G6211	NLGN4X
G6212	VCX3A
G6213	PUDP
G6214	STS
G6215	PNPLA4
G6216	ANOS1
G6217	FAM9A
G6218	TBL1X
G6219	GPR143
G6220	SHROOM2
G6221	WWC3
G6222	CLCN4
G6223	MID1
G6224	HCCS
G6225	ARHGAP6
G6226	AMELX
G6227	MSL3
G6228	FRMPD4
G6229	PRPS2
G6230	TLR7
G6231	TLR8
G6232	FAM9C
G6233	ATXN3L
G6234	EGFL6
G6235	TRAPPC2
G6236	OFD1
G6237	GPM6B
G6238	GEMIN8
G6239	GLRA2
G6240	FANCB
G6241	MOSPD2
G6242	ASB9
G6243	ASB11
G6244	PIGA
G6245	VEGFD
G6246	PIR
G6247	BMX
G6248	ACE2
G6249	CLTRN
G6250	CA5B
G6251	ZRSR2
G6252	AP1S2
G6253	GRPR
G6254	CTPS2
G6255	SYAP1
G6256	TXLNG
G6257	REPS2
G6258	NHS
G6259	RAI2
G6260	BEND2
G6261	SCML2
G6262	CDKL5
G6263	RS1
G6264	PPEF1
G6265	PHKA2
G6266	ADGRG2
G6267	PDHA1
G6268	MAP3K15
G6269	SH3KBP1
G6270	BCLAF3
G6271	MAP7D2
G6272	RPS6KA3
G6273	CNKSR2
G6274	SMPX
G6275	MBTPS2
G6276	YY2
G6277	SMS
G6278	PHEX
G6279	CBLL2
G6280	DDX53
G6281	PTCHD1
G6282	PRDX4
G6283	ACOT9
G6284	SAT1
G6285	APOO
G6286	CXorf58
G6287	KLHL15
G6288	EIF2S3
G6289	ZFX
G6290	PDK3
G6291	PCYT1B
G6292	POLA1
G6293	ARX
G6294	MAGEB18
G6295	MAGEB6
G6296	MAGEB10
G6297	DCAF8L1
G6298	IL1RAPL1
G6299	MAGEB2
G6300	MAGEB3
G6301	MAGEB4
G6302	MAGEB1
G6303	NR0B1
G6304	GK
G6305	TAB3
G6306	FTHL17
G6307	DMD
G6308	FAM47A
G6309	FAM47B
G6310	CFAP47
G6311	FAM47C
G6312	PRRG1
G6313	LANCL3
G6314	XK
G6315	CYBB
G6316	DYNLT3
G6317	H2AP
G6318	SYTL5
G6319	SRPX
G6320	RPGR
G6321	OTC
G6322	TSPAN7
G6323	BCOR
G6324	ATP6AP2
G6325	CXorf38
G6326	MED14
G6327	USP9X
G6328	DDX3X
G6329	NYX
G6330	CASK
G6331	GPR82
G6332	MAOA
G6333	MAOB
G6334	NDP
G6335	EFHC2
G6336	FUNDC1
G6337	DUSP21
G6338	KDM6A
G6339	DIPK2B
G6340	KRBOX4
G6341	ZNF674
G6342	CHST7
G6343	SLC9A7
G6344	RP2
G6345	JADE3
G6346	NDUFB11
G6347	RBM10
G6348	UBA1
G6349	INE1
G6350	CDK16
G6351	USP11
G6352	ZNF41
G6353	ARAF
G6354	SYN1
G6355	TIMP1
G6356	CFP
G6357	ELK1
G6358	CXXC1P1
G6359	ZNF81
G6360	ZNF182
G6361	ZNF630
G6362	SSX5
G6363	SSX1
G6364	SSX3
G6365	SLC38A5
G6366	FTSJ1
G6367	PORCN
G6368	EBP
G6369	TBC1D25
G6370	WDR13
G6371	WAS
G6372	SUV39H1
G6373	GLOD5
G6374	GATA1
G6375	HDAC6
G6376	PQBP1
G6377	TIMM17B
G6378	SLC35A2
G6379	PIM2
G6380	KCND1
G6381	GRIPAP1
G6382	TFE3
G6383	CCDC120
G6384	WDR45
G6385	GPKOW
G6386	PLP2
G6387	PRICKLE3
G6388	SYP
G6389	CACNA1F
G6390	CCDC22
G6391	FOXP3
G6392	PPP1R3F
G6393	PAGE1
G6394	USP27X
G6395	CLCN5
G6396	AKAP4
G6397	CCNB3
G6398	DGKK
G6399	SHROOM4
G6400	BMP15
G6401	GSPT2
G6402	MAGED1
G6403	MAGED4B
G6404	XAGE1B
G6405	GPR173
G6406	TSPYL2
G6407	KDM5C
G6408	IQSEC2
G6409	SMC1A
G6410	RIBC1
G6411	HSD17B10
G6412	HUWE1
G6413	PHF8
G6414	FAM120C
G6415	WNK3
G6416	TSR2
G6417	FGD1
G6418	GNL3L
G6419	ITIH6
G6420	MAGED2
G6421	TRO
G6422	PFKFB1
G6423	APEX2
G6424	ALAS2
G6425	PAGE3
G6426	MAGEH1
G6427	USP51
G6428	FOXR2
G6429	KLF8
G6430	UBQLN2
G6431	SPIN2A
G6432	FAAH2
G6433	ZXDA
G6434	ARHGEF9
G6435	AMER1
G6436	ASB12
G6437	MTMR8
G6438	ZC4H2
G6439	ZC3H12B
G6440	LAS1L
G6441	MSN
G6442	VSIG4
G6443	HEPH
G6444	EDA2R
G6445	AR
G6446	OPHN1
G6447	STARD8
G6448	EFNB1
G6449	PJA1
G6450	EDA
G6451	AWAT2
G6452	IGBP1
G6453	DGAT2L6
G6454	AWAT1
G6455	P2RY4
G6456	ARR3
G6457	RAB41
G6458	KIF4A
G6459	GDPD2
G6460	DLG3
G6461	TEX11
G6462	SLC7A3
G6463	FOXO4
G6464	CXorf65
G6465	IL2RG
G6466	MED12
G6467	NLGN3
G6468	GJB1
G6469	ZMYM3
G6470	NONO
G6471	ITGB1BP2
G6472	TAF1
G6473	OGT
G6474	CXCR3
G6475	NHSL2
G6476	RPS26P11
G6477	RTL5
G6478	PIN4
G6479	ERCC6L
G6480	RPS4X
G6481	CITED1
G6482	HDAC8
G6483	PHKA1
G6484	NAP1L6P
G6485	NAP1L2
G6486	CHIC1
G6487	XIST
G6488	ZCCHC13
G6489	SLC16A2
G6490	RLIM
G6491	NEXMIF
G6492	ABCB7
G6493	UPRT
G6494	ZDHHC15
G6495	MAGEE2
G6496	MAGEE1
G6497	FGF16
G6498	ATRX
G6499	MAGT1
G6500	COX7B
G6501	ATP7A
G6502	PGK1
G6503	PGAM4
G6504	TAF9B
G6505	CYSLTR1
G6506	RTL3
G6507	LPAR4
G6508	P2RY10
G6509	GPR174
G6510	ITM2A
G6511	TBX22
G6512	TENT5D
G6513	BRWD3
G6514	HMGN5
G6515	POU3F4
G6516	RPS6KA6
G6517	HDX
G6518	APOOL
G6519	SATL1
G6520	ZNF711
G6521	POF1B
G6522	CHM
G6523	DACH2
G6524	KLHL4
G6525	CPXCR1
G6526	PABPC5
G6527	PCDH11X
G6528	PCDH11Y
G6529	NAP1L3
G6530	FAM133A
G6531	DIAPH2
G6532	RPA4
G6533	PCDH19
G6534	TNMD
G6535	TSPAN6
G6536	SRPX2
G6537	SYTL4
G6538	CSTF2
G6539	NOX1
G6540	XKRX
G6541	TRMT2B
G6542	CENPI
G6543	DRP2
G6544	TAF7L
G6545	TIMM8A
G6546	BTK
G6547	RPL36A
G6548	GLA
G6549	HNRNPH2
G6550	ARMCX4
G6551	ARMCX1
G6552	ARMCX6
G6553	ARMCX3
G6554	ARMCX2
G6555	ZMAT1
G6556	TCEAL2
G6557	ARMCX5
G6558	GPRASP1
G6559	GPRASP2
G6560	RAB40AL
G6561	NXF3
G6562	BEX4
G6563	TCEAL8
G6564	TCEAL5
G6565	BEX2
G6566	RAB40A
G6567	TCEAL4
G6568	GLRA4
G6569	PLP1
G6570	RAB9B
G6571	H2BW1
G6572	ESX1
G6573	IL1RAPL2
G6574	TEX13A
G6575	NRK
G6576	SERPINA7
G6577	PWWP3B
G6578	RADX
G6579	RNF128
G6580	TBC1D8B
G6581	MORC4
G6582	RIPPLY1
G6583	CLDN2
G6584	RBM41
G6585	NUP62CL
G6586	DNAAF6
G6587	PRPS1
G6588	MID2
G6589	TEX13B
G6590	VSIG1
G6591	PSMD10
G6592	COL4A6
G6593	COL4A5
G6594	IRS4
G6595	GUCY2F
G6596	NXT2
G6597	KCNE5
G6598	ACSL4
G6599	AMMECR1
G6600	RTL9
G6601	CHRDL1
G6602	PAK3
G6603	CAPN6
G6604	DCX
G6605	ALG13
G6606	TRPC5
G6607	LHFPL1
G6608	AMOT
G6609	HTR2C
G6610	IL13RA2
G6611	LRCH2
G6612	LUZP4
G6613	PLS3
G6614	AGTR2
G6615	SLC6A14
G6616	KLHL13
G6617	WDR44
G6618	IL13RA1
G6619	ZCCHC12
G6620	LONRF3
G6621	PGRMC1
G6622	SLC25A43
G6623	SLC25A5
G6624	UBE2A
G6625	NKRF
G6626	SEPTIN6
G6627	RPL39
G6628	UPF3B
G6629	RNF113A
G6630	NDUFA1
G6631	AKAP14
G6632	NKAP
G6633	ZBTB33
G6634	ATP1B4
G6635	LAMP2
G6636	CUL4B
G6637	C1GALT1C1
G6638	CT47A7
G6639	CT47A6
G6640	CT47A4
G6641	CT47A3
G6642	CT47A2
G6643	CT47A1
G6644	GLUD2
G6645	GRIA3
G6646	THOC2
G6647	XIAP
G6648	STAG2
G6649	SH2D1A
G6650	TENM1
G6651	DCAF12L2
G6652	DCAF12L1
G6653	PRR32
G6654	ACTRT1
G6655	SMARCA1
G6656	OCRL
G6657	APLN
G6658	XPNPEP2
G6659	SASH3
G6660	ZDHHC9
G6661	BCORL1
G6662	ELF4
G6663	AIFM1
G6664	RAB33A
G6665	ZNF280C
G6666	SLC25A14
G6667	GPR119
G6668	RBMX2
G6669	DENND10P1
G6670	ENOX2
G6671	IGSF1
G6672	STK26
G6673	FRMD7
G6674	MBNL3
G6675	HS6ST2
G6676	USP26
G6677	TFDP3
G6678	GPC4
G6679	GPC3
G6680	PHF6
G6681	HPRT1
G6682	ZNF75D
G6683	ZNF449
G6684	INTS6L
G6685	CT45A5
G6686	CT45A2
G6687	SAGE1
G6688	SLC9A6
G6689	FHL1
G6690	MAP7D3
G6691	ADGRG4
G6692	HTATSF1
G6693	VGLL1
G6694	CD40LG
G6695	ARHGEF6
G6696	RBMX
G6697	GPR101
G6698	ZIC3
G6699	F9
G6700	MCF2
G6701	ATP11C
G6702	CXorf66
G6703	SOX3
G6704	MAGEC3
G6705	MAGEC1
G6706	MAGEC2
G6707	SPANXN4
G6708	SLITRK4
G6709	UBE2NL
G6710	SPANXN1
G6711	SLITRK2
G6712	FMR1
G6713	FMR1NB
G6714	AFF2
G6715	IDS
G6716	TMEM185A
G6717	MAGEA11
G6718	MAGEA8
G6719	MAMLD1
G6720	MTM1
G6721	MTMR1
G6722	CD99L2
G6723	HMGB3
G6724	GPR50
G6725	VMA21
G6726	PASD1
G6727	PRRG3
G6728	FATE1
G6729	CNGA2
G6730	MAGEA4
G6731	GABRE
G6732	GABRA3
G6733	GABRQ
G6734	MAGEA3
G6735	CSAG1
G6736	MAGEA12
G6737	NSDHL
G6738	ZNF185
G6739	PNMA5
G6740	PNMA3
G6741	PNMA6A
G6742	MAGEA1
G6743	ZNF275
G6744	TREX2
G6745	HAUS7
G6746	BGN
G6747	ATP2B3
G6748	CCNQ
G6749	SLC6A8
G6750	BCAP31
G6751	ABCD1
G6752	PLXNB3
G6753	SRPK3
G6754	SSR4
G6755	L1CAM
G6756	AVPR2
G6757	ARHGAP4
G6758	NAA10
G6759	RENBP
G6760	HCFC1
G6761	TMEM187
G6762	IRAK1
G6763	MECP2
G6764	OPN1LW
G6765	OPN1MW
G6766	TKTL1
G6767	FLNA
G6768	EMD
G6769	RPL10
G6770	DNASE1L1
G6771	ATP6AP1
G6772	GDI1
G6773	FAM50A
G6774	PLXNA3
G6775	SLC10A3
G6776	FAM3A
G6777	G6PD
G6778	IKBKG
G6779	CTAG2
G6780	GAB3
G6781	DKC1
G6782	MPP1
G6783	SMIM9
G6784	F8
G6785	MTCP1
G6786	BRCC3
G6787	VBP1
G6788	RAB39B
G6789	CLIC2
G6790	TMLHE
G6791	VAMP7
G6792	IL9R
G6793	SRY
G6794	ZFY
G6795	AMELY
G6796	TSPY1
G6797	USP9Y
G6798	DDX3Y
G6799	VCY
G6800	NLGN4Y
G6801	CDY2A
G6802	HSFY1
G6803	KDM5D
G6804	RPS4Y2
G6805	RBMY1A1
G6806	PRY
G6807	PRY2
G6808	BPY2
G6809	DAZ1
G6810	GOLGA2P2Y
G6811	CDY1
G6812	DAZ2
G6813	DAZ3
